<?xml version="1.0"?>
<Courses>
	<Course ID="VBA1EX">
		<Title>Beginning VBA in Excel</Title>
		<Startdate>3/4/2018</Startdate>
		<Sessions>6</Sessions>
	</Course>
	<Course ID="VBA2EX">
		<Title>Intermediate VBA in Excel</Title>
		<Startdate>4/13/2018</Startdate>
		<Sessions>8</Sessions>
	</Course>
	<Course ID="VBA3EX">
		<Title>Advanced VBA in Excel</Title>
		<Startdate>9/7/2018</Startdate>
		<Sessions>12</Sessions>
	</Course>
	<Course ID="VBA3Word">
		<Title>Advanced VBA in Word</Title>
		<Startdate>10/9/2018</Startdate>
		<Sessions>12</Sessions>
	</Course>
	<Course ID="VBA3Access">
		<Title>Advanced VBA in Access</Title>
		<Startdate>11/13/2018</Startdate>
		<Sessions>12</Sessions>
	</Course>
</Courses>
