<x:xmpmeta xmlns:x="adobe:ns:meta/">
   <rdf:RDF xmlns:rdf="http://www.w3.org/1999/02/22-rdf-syntax-ns#" xmlns:xmp="http://ns.adobe.com/xap/1.0/" xmlns:xmpDM="http://ns.adobe.com/xmp/1.0/DynamicMedia/" xmlns:xmpG="http://ns.adobe.com/xap/1.0/g/" xmlns:tsc="http://www.techsmith.com/xmp/tsc/" xmlns:xmpMM="http://ns.adobe.com/xap/1.0/mm/" xmlns:tscDM="http://www.techsmith.com/xmp/tscDM/" xmlns:tscIQ="http://www.techsmith.com/xmp/tscIQ/" xmlns:tscHS="http://www.techsmith.com/xmp/tscHS/" xmlns:stDim="http://ns.adobe.com/xap/1.0/sType/Dimensions#" xmlns:stFnt="http://ns.adobe.com/xap/1.0/sType/Font#" xmlns:exif="http://ns.adobe.com/exif/1.0" xmlns:dc="http://purl.org/dc/elements/1.1/">
      <rdf:Description tsc:version="2.0.0" dc:date="2013-03-20 05:27:31 AM" dc:source="Camtasia Studio,8.0.0,enu" dc:title="WD_Video_6_1" tscDM:firstFrame="WD_Video_6_1_First_Frame.png" tscDM:originId="D3D1D603-2E98-4FEB-B501-27921485C818" tscDM:project="WD_Video_6_1">
         <xmpDM:duration xmpDM:scale="1/1000" xmpDM:value="122400"/>
         <xmpDM:videoFrameSize stDim:unit="pixel" stDim:h="480" stDim:w="768"/>
         <tsc:langName>
            <rdf:Bag>
               <rdf:li xml:lang="en-US">English</rdf:li></rdf:Bag>
         </tsc:langName>
         <xmpDM:Tracks>
            <rdf:Bag>
               <rdf:li>
                  <rdf:Description xmpDM:trackType="Caption" xmpDM:frameRate="f1000" xmpDM:trackName="Captioning" stFnt:fontFamily="Arial" tscDM:fontSize="24" tscDM:bgOpacity="0.500000">
                     <xmpDM:markers>
                        <rdf:Seq>
                           <rdf:li><rdf:Description xmpDM:duration="4567" xmpDM:startTime="2767" tscDM:valign="bottom" tscDM:halign="center"><xmpDM:name><rdf:Alt><rdf:li xml:lang="en-US">{\rtf1 Hello everyone and welcome to Chapter 6! My \par name is Dr. Theodor Richardson and I will}</rdf:li></rdf:Alt></xmpDM:name></rdf:Description></rdf:li><rdf:li><rdf:Description xmpDM:duration="4600" xmpDM:startTime="7333" tscDM:valign="bottom" tscDM:halign="center"><xmpDM:name><rdf:Alt><rdf:li xml:lang="en-US">{\rtf1  be guiding you through some vital steps in \par creating a multimedia Web site. In this}</rdf:li></rdf:Alt></xmpDM:name></rdf:Description></rdf:li><rdf:li><rdf:Description xmpDM:duration="4600" xmpDM:startTime="11933" tscDM:valign="bottom" tscDM:halign="center"><xmpDM:name><rdf:Alt><rdf:li xml:lang="en-US">{\rtf1  video, you will learn how to add JavaScript to \par your page and how to use simple JavaScript}</rdf:li></rdf:Alt></xmpDM:name></rdf:Description></rdf:li><rdf:li><rdf:Description xmpDM:duration="4600" xmpDM:startTime="16533" tscDM:valign="bottom" tscDM:halign="center"><xmpDM:name><rdf:Alt><rdf:li xml:lang="en-US">{\rtf1  functions.}</rdf:li></rdf:Alt></xmpDM:name></rdf:Description></rdf:li><rdf:li><rdf:Description xmpDM:duration="3933" xmpDM:startTime="21133" tscDM:valign="bottom" tscDM:halign="center"><xmpDM:name><rdf:Alt><rdf:li xml:lang="en-US">{\rtf1 JavaScript is a client-side scripting language.  \par This means it executes on the client’s}</rdf:li></rdf:Alt></xmpDM:name></rdf:Description></rdf:li><rdf:li><rdf:Description xmpDM:duration="3933" xmpDM:startTime="25067" tscDM:valign="bottom" tscDM:halign="center"><xmpDM:name><rdf:Alt><rdf:li xml:lang="en-US">{\rtf1  machine through the browser. All modern \par browsers support JavaScript, for desktops,}</rdf:li></rdf:Alt></xmpDM:name></rdf:Description></rdf:li><rdf:li><rdf:Description xmpDM:duration="3900" xmpDM:startTime="29000" tscDM:valign="bottom" tscDM:halign="center"><xmpDM:name><rdf:Alt><rdf:li xml:lang="en-US">{\rtf1  laptops, and mobile devices.  JavaScript \par needs to be located inside &lt;script&gt; tags.  \par These can}</rdf:li></rdf:Alt></xmpDM:name></rdf:Description></rdf:li><rdf:li><rdf:Description xmpDM:duration="3967" xmpDM:startTime="32900" tscDM:valign="bottom" tscDM:halign="center"><xmpDM:name><rdf:Alt><rdf:li xml:lang="en-US">{\rtf1  be placed in the header or the body.}</rdf:li></rdf:Alt></xmpDM:name></rdf:Description></rdf:li><rdf:li><rdf:Description xmpDM:duration="4433" xmpDM:startTime="36867" tscDM:valign="bottom" tscDM:halign="center"><xmpDM:name><rdf:Alt><rdf:li xml:lang="en-US">{\rtf1 Functions in JavaScript are called by name.  \par The contents inside the parentheses are the }</rdf:li></rdf:Alt></xmpDM:name></rdf:Description></rdf:li><rdf:li><rdf:Description xmpDM:duration="4467" xmpDM:startTime="41300" tscDM:valign="bottom" tscDM:halign="center"><xmpDM:name><rdf:Alt><rdf:li xml:lang="en-US">{\rtf1 arguments for the function to use.  Every line \par of JavaScript needs to end with a semicolon.  }</rdf:li></rdf:Alt></xmpDM:name></rdf:Description></rdf:li><rdf:li><rdf:Description xmpDM:duration="4467" xmpDM:startTime="45767" tscDM:valign="bottom" tscDM:halign="center"><xmpDM:name><rdf:Alt><rdf:li xml:lang="en-US">{\rtf1 In the example, this will generate an alert box \par in the browser with the text “Hi}</rdf:li></rdf:Alt></xmpDM:name></rdf:Description></rdf:li><rdf:li><rdf:Description xmpDM:duration="4467" xmpDM:startTime="50233" tscDM:valign="bottom" tscDM:halign="center"><xmpDM:name><rdf:Alt><rdf:li xml:lang="en-US">{\rtf1  there!” inside of it.}</rdf:li></rdf:Alt></xmpDM:name></rdf:Description></rdf:li><rdf:li><rdf:Description xmpDM:duration="5433" xmpDM:startTime="54700" tscDM:valign="bottom" tscDM:halign="center"><xmpDM:name><rdf:Alt><rdf:li xml:lang="en-US">{\rtf1 Variables in JavaScript are storage containers \par for values.  You can declare a variable with}</rdf:li></rdf:Alt></xmpDM:name></rdf:Description></rdf:li><rdf:li><rdf:Description xmpDM:duration="5467" xmpDM:startTime="60133" tscDM:valign="bottom" tscDM:halign="center"><xmpDM:name><rdf:Alt><rdf:li xml:lang="en-US">{\rtf1  the prefix “var” for any variable type and then \par give it a name.  The name needs to start}</rdf:li></rdf:Alt></xmpDM:name></rdf:Description></rdf:li><rdf:li><rdf:Description xmpDM:duration="5467" xmpDM:startTime="65600" tscDM:valign="bottom" tscDM:halign="center"><xmpDM:name><rdf:Alt><rdf:li xml:lang="en-US">{\rtf1  with a letter and can only contain numbers, \par letters, and the underscore character.  You }</rdf:li></rdf:Alt></xmpDM:name></rdf:Description></rdf:li><rdf:li><rdf:Description xmpDM:duration="5467" xmpDM:startTime="71067" tscDM:valign="bottom" tscDM:halign="center"><xmpDM:name><rdf:Alt><rdf:li xml:lang="en-US">{\rtf1 can then reference the variable by its name, \par which will be treated the same as its}</rdf:li></rdf:Alt></xmpDM:name></rdf:Description></rdf:li><rdf:li><rdf:Description xmpDM:duration="5467" xmpDM:startTime="76533" tscDM:valign="bottom" tscDM:halign="center"><xmpDM:name><rdf:Alt><rdf:li xml:lang="en-US">{\rtf1  contents.  The code shown will still create a \par popup box in the browser that says “Hi there!”}</rdf:li></rdf:Alt></xmpDM:name></rdf:Description></rdf:li><rdf:li><rdf:Description xmpDM:duration="4567" xmpDM:startTime="82000" tscDM:valign="bottom" tscDM:halign="center"><xmpDM:name><rdf:Alt><rdf:li xml:lang="en-US">{\rtf1 You can also define your own functions in \par JavaScript.  This allows you to reuse code and}</rdf:li></rdf:Alt></xmpDM:name></rdf:Description></rdf:li><rdf:li><rdf:Description xmpDM:duration="4600" xmpDM:startTime="86567" tscDM:valign="bottom" tscDM:halign="center"><xmpDM:name><rdf:Alt><rdf:li xml:lang="en-US">{\rtf1  saves time.  You do this by using the \par declaration “function” followed by the name}</rdf:li></rdf:Alt></xmpDM:name></rdf:Description></rdf:li><rdf:li><rdf:Description xmpDM:duration="4567" xmpDM:startTime="91167" tscDM:valign="bottom" tscDM:halign="center"><xmpDM:name><rdf:Alt><rdf:li xml:lang="en-US">{\rtf1  of the function you are defining.  The same \par rules for naming apply to functions that }</rdf:li></rdf:Alt></xmpDM:name></rdf:Description></rdf:li><rdf:li><rdf:Description xmpDM:duration="4600" xmpDM:startTime="95733" tscDM:valign="bottom" tscDM:halign="center"><xmpDM:name><rdf:Alt><rdf:li xml:lang="en-US">{\rtf1 apply to variables.  You can add parameters to \par the function inside the parentheses.  You}</rdf:li></rdf:Alt></xmpDM:name></rdf:Description></rdf:li><rdf:li><rdf:Description xmpDM:duration="4567" xmpDM:startTime="100333" tscDM:valign="bottom" tscDM:halign="center"><xmpDM:name><rdf:Alt><rdf:li xml:lang="en-US">{\rtf1  can separate them by commas if you need \par more than one.  The commands of a function \par should}</rdf:li></rdf:Alt></xmpDM:name></rdf:Description></rdf:li><rdf:li><rdf:Description xmpDM:duration="4600" xmpDM:startTime="104900" tscDM:valign="bottom" tscDM:halign="center"><xmpDM:name><rdf:Alt><rdf:li xml:lang="en-US">{\rtf1  be wrapped in curly braces.  The function will \par not perform the specified action until it}</rdf:li></rdf:Alt></xmpDM:name></rdf:Description></rdf:li><rdf:li><rdf:Description xmpDM:duration="3433" xmpDM:startTime="109500" tscDM:valign="bottom" tscDM:halign="center"><xmpDM:name><rdf:Alt><rdf:li xml:lang="en-US">{\rtf1  is called.}</rdf:li></rdf:Alt></xmpDM:name></rdf:Description></rdf:li><rdf:li><rdf:Description xmpDM:duration="4633" xmpDM:startTime="112933" tscDM:valign="bottom" tscDM:halign="center"><xmpDM:name><rdf:Alt><rdf:li xml:lang="en-US">{\rtf1 You can invoke the function with its name and \par the argument you want to use.  In this case, \par you}</rdf:li></rdf:Alt></xmpDM:name></rdf:Description></rdf:li><rdf:li><rdf:Description xmpDM:duration="4833" xmpDM:startTime="117567" tscDM:valign="bottom" tscDM:halign="center"><xmpDM:name><rdf:Alt><rdf:li xml:lang="en-US">{\rtf1  will create the same popup message box that \par says “Hi there!”}</rdf:li></rdf:Alt></xmpDM:name></rdf:Description></rdf:li></rdf:Seq>
                     </xmpDM:markers>
                     <tsc:fgColor xmpG:red="255" xmpG:green="255" xmpG:blue="255"/><tsc:bgColor xmpG:red="0" xmpG:green="0" xmpG:blue="0"/></rdf:Description>
               </rdf:li>
               <rdf:li>
                  <rdf:Description xmpDM:trackType="ScreenText" xmpDM:frameRate="f1000" xmpDM:trackName="Screen Text">
                     <xmpDM:markers>
                        <rdf:Seq>
                           <rdf:li><rdf:Description xmpDM:name="Welcome!" xmpDM:startTime="2766" xmpDM:duration="1000"/></rdf:li><rdf:li><rdf:Description xmpDM:name="In" xmpDM:startTime="2766" xmpDM:duration="1000"/></rdf:li><rdf:li><rdf:Description xmpDM:name="this" xmpDM:startTime="2766" xmpDM:duration="1000"/></rdf:li><rdf:li><rdf:Description xmpDM:name="video," xmpDM:startTime="2766" xmpDM:duration="1000"/></rdf:li><rdf:li><rdf:Description xmpDM:name="you" xmpDM:startTime="2766" xmpDM:duration="1000"/></rdf:li><rdf:li><rdf:Description xmpDM:name="will" xmpDM:startTime="2766" xmpDM:duration="1000"/></rdf:li><rdf:li><rdf:Description xmpDM:name="learn" xmpDM:startTime="2766" xmpDM:duration="1000"/></rdf:li><rdf:li><rdf:Description xmpDM:name="the" xmpDM:startTime="2766" xmpDM:duration="1000"/></rdf:li><rdf:li><rdf:Description xmpDM:name="basics" xmpDM:startTime="2766" xmpDM:duration="1000"/></rdf:li><rdf:li><rdf:Description xmpDM:name="of" xmpDM:startTime="2766" xmpDM:duration="1000"/></rdf:li><rdf:li><rdf:Description xmpDM:name="JavaScript" xmpDM:startTime="2766" xmpDM:duration="1000"/></rdf:li><rdf:li><rdf:Description xmpDM:name="&lt;script" xmpDM:startTime="21133" xmpDM:duration="1000"/></rdf:li><rdf:li><rdf:Description xmpDM:name="type=&quot;text/javascript&quot;&gt;" xmpDM:startTime="21133" xmpDM:duration="1000"/></rdf:li><rdf:li><rdf:Description xmpDM:name="&lt;/script&gt;" xmpDM:startTime="21133" xmpDM:duration="1000"/></rdf:li><rdf:li><rdf:Description xmpDM:name="&lt;script" xmpDM:startTime="36867" xmpDM:duration="1000"/></rdf:li><rdf:li><rdf:Description xmpDM:name="type=&quot;text/javascript&quot;&gt;" xmpDM:startTime="36867" xmpDM:duration="1000"/></rdf:li><rdf:li><rdf:Description xmpDM:name="alert(&quot;Hi" xmpDM:startTime="36867" xmpDM:duration="1000"/></rdf:li><rdf:li><rdf:Description xmpDM:name="there!&quot;);" xmpDM:startTime="36867" xmpDM:duration="1000"/></rdf:li><rdf:li><rdf:Description xmpDM:name="&lt;/script&gt;" xmpDM:startTime="36867" xmpDM:duration="1000"/></rdf:li><rdf:li><rdf:Description xmpDM:name="&lt;script" xmpDM:startTime="54700" xmpDM:duration="1000"/></rdf:li><rdf:li><rdf:Description xmpDM:name="type=&quot;text/javascript&quot;&gt;" xmpDM:startTime="54700" xmpDM:duration="1000"/></rdf:li><rdf:li><rdf:Description xmpDM:name="var" xmpDM:startTime="54700" xmpDM:duration="1000"/></rdf:li><rdf:li><rdf:Description xmpDM:name="txt" xmpDM:startTime="54700" xmpDM:duration="1000"/></rdf:li><rdf:li><rdf:Description xmpDM:name="=" xmpDM:startTime="54700" xmpDM:duration="1000"/></rdf:li><rdf:li><rdf:Description xmpDM:name="&quot;Hi" xmpDM:startTime="54700" xmpDM:duration="1000"/></rdf:li><rdf:li><rdf:Description xmpDM:name="there!&quot;;" xmpDM:startTime="54700" xmpDM:duration="1000"/></rdf:li><rdf:li><rdf:Description xmpDM:name="alert(txt);" xmpDM:startTime="54700" xmpDM:duration="1000"/></rdf:li><rdf:li><rdf:Description xmpDM:name="&lt;/script&gt;" xmpDM:startTime="54700" xmpDM:duration="1000"/></rdf:li><rdf:li><rdf:Description xmpDM:name="&lt;script" xmpDM:startTime="82000" xmpDM:duration="1000"/></rdf:li><rdf:li><rdf:Description xmpDM:name="type=&quot;text/javascript&quot;&gt;" xmpDM:startTime="82000" xmpDM:duration="1000"/></rdf:li><rdf:li><rdf:Description xmpDM:name="var" xmpDM:startTime="82000" xmpDM:duration="1000"/></rdf:li><rdf:li><rdf:Description xmpDM:name="txt" xmpDM:startTime="82000" xmpDM:duration="1000"/></rdf:li><rdf:li><rdf:Description xmpDM:name="=" xmpDM:startTime="82000" xmpDM:duration="1000"/></rdf:li><rdf:li><rdf:Description xmpDM:name="&quot;Hi" xmpDM:startTime="82000" xmpDM:duration="1000"/></rdf:li><rdf:li><rdf:Description xmpDM:name="there!&quot;;" xmpDM:startTime="82000" xmpDM:duration="1000"/></rdf:li><rdf:li><rdf:Description xmpDM:name="function" xmpDM:startTime="82000" xmpDM:duration="1000"/></rdf:li><rdf:li><rdf:Description xmpDM:name="yell(my_value)" xmpDM:startTime="82000" xmpDM:duration="1000"/></rdf:li><rdf:li><rdf:Description xmpDM:name="{" xmpDM:startTime="82000" xmpDM:duration="1000"/></rdf:li><rdf:li><rdf:Description xmpDM:name="alert(my_value);" xmpDM:startTime="98050" xmpDM:duration="1000"/></rdf:li><rdf:li><rdf:Description xmpDM:name="}" xmpDM:startTime="98050" xmpDM:duration="1000"/></rdf:li><rdf:li><rdf:Description xmpDM:name="&lt;/script&gt;" xmpDM:startTime="98050" xmpDM:duration="1000"/></rdf:li><rdf:li><rdf:Description xmpDM:name="alert(my_value);" xmpDM:startTime="117567" xmpDM:duration="1000"/></rdf:li><rdf:li><rdf:Description xmpDM:name="}" xmpDM:startTime="117567" xmpDM:duration="1000"/></rdf:li><rdf:li><rdf:Description xmpDM:name="yell(txt);" xmpDM:startTime="117567" xmpDM:duration="1000"/></rdf:li><rdf:li><rdf:Description xmpDM:name="&lt;/script&gt;" xmpDM:startTime="117567" xmpDM:duration="1000"/></rdf:li></rdf:Seq>
                     </xmpDM:markers>
                  </rdf:Description>
               </rdf:li>
               <rdf:li>
                  <rdf:Description xmpDM:trackType="TableOfContents" xmpDM:frameRate="f1000" xmpDM:trackName="Table of Contents">
                     <xmpDM:markers>
                        <rdf:Seq>
                           <rdf:li><rdf:Description xmpDM:name="Slide 1" xmpDM:startTime="0" tscDM:image="WD_Video_6_1_Thumbnails.png" tscDM:imageindex="0" tscDM:imageoffset="0" tscDM:imagerect="0, 0, 75, 46"/></rdf:li><rdf:li><rdf:Description xmpDM:name="Welcome!" xmpDM:startTime="2733" tscDM:image="WD_Video_6_1_Thumbnails.png" tscDM:imageindex="1" tscDM:imageoffset="0" tscDM:imagerect="75, 0, 75, 46"/></rdf:li><rdf:li><rdf:Description xmpDM:name="Slide 3" xmpDM:startTime="21100" tscDM:image="WD_Video_6_1_Thumbnails.png" tscDM:imageindex="2" tscDM:imageoffset="0" tscDM:imagerect="150, 0, 75, 46"/></rdf:li><rdf:li><rdf:Description xmpDM:name="Slide 4" xmpDM:startTime="36867" tscDM:image="WD_Video_6_1_Thumbnails.png" tscDM:imageindex="3" tscDM:imageoffset="0" tscDM:imagerect="225, 0, 75, 46"/></rdf:li><rdf:li><rdf:Description xmpDM:name="Slide 5" xmpDM:startTime="54700" tscDM:image="WD_Video_6_1_Thumbnails.png" tscDM:imageindex="4" tscDM:imageoffset="0" tscDM:imagerect="300, 0, 75, 46"/></rdf:li><rdf:li><rdf:Description xmpDM:name="Slide 6" xmpDM:startTime="82000" tscDM:image="WD_Video_6_1_Thumbnails.png" tscDM:imageindex="5" tscDM:imageoffset="0" tscDM:imagerect="375, 0, 75, 46"/></rdf:li></rdf:Seq>
                     </xmpDM:markers>
                  </rdf:Description>
               </rdf:li>
            </rdf:Bag>
         </xmpDM:Tracks>
         <tscDM:controller>
            <rdf:Description xmpDM:name="tscplayer">
               <tscDM:parameters>
                  <rdf:Bag>
                     <rdf:li xmpDM:name="autohide" xmpDM:value="true"/><rdf:li xmpDM:name="autoplay" xmpDM:value="false"/><rdf:li xmpDM:name="loop" xmpDM:value="false"/><rdf:li xmpDM:name="searchable" xmpDM:value="true"/><rdf:li xmpDM:name="captionsenabled" xmpDM:value="false"/><rdf:li xmpDM:name="sidebarenabled" xmpDM:value="false"/><rdf:li xmpDM:name="unicodeenabled" xmpDM:value="false"/><rdf:li xmpDM:name="backgroundcolor" xmpDM:value="000000"/><rdf:li xmpDM:name="sidebarlocation" xmpDM:value="left"/><rdf:li xmpDM:name="endaction" xmpDM:value="stop"/><rdf:li xmpDM:name="endactionparam" xmpDM:value="true"/></rdf:Bag>
               </tscDM:parameters>
               <tscDM:controllerText>
                  <rdf:Bag>
                     <rdf:li><rdf:Description xmp:label="searchText"><tscDM:localizedText><rdf:Alt><rdf:li xml:lang="en-US">Search</rdf:li></rdf:Alt></tscDM:localizedText></rdf:Description></rdf:li><rdf:li><rdf:Description xmp:label="resultText"><tscDM:localizedText><rdf:Alt><rdf:li xml:lang="en-US">Results Found</rdf:li></rdf:Alt></tscDM:localizedText></rdf:Description></rdf:li><rdf:li><rdf:Description xmp:label="searchFullscreenText"><tscDM:localizedText><rdf:Alt><rdf:li xml:lang="en-US">Search disabled in full screen mode</rdf:li></rdf:Alt></tscDM:localizedText></rdf:Description></rdf:li><rdf:li><rdf:Description xmp:label="replayButtonText"><tscDM:localizedText><rdf:Alt><rdf:li xml:lang="en-US">Replay</rdf:li></rdf:Alt></tscDM:localizedText></rdf:Description></rdf:li><rdf:li><rdf:Description xmp:label="localSecurityError"><tscDM:localizedText><rdf:Alt><rdf:li xml:lang="en-US">Certain features in your video are currently disabled due to Local Network Security. These features work correctly when the video is played from a Website or Server.</rdf:li></rdf:Alt></tscDM:localizedText></rdf:Description></rdf:li></rdf:Bag>
               </tscDM:controllerText>
            </rdf:Description>
         </tscDM:controller>
         <tscDM:contentList>
            <rdf:Description>
               <tscDM:files>
                  <rdf:Seq>
                     <rdf:li xmpDM:name="0" xmpDM:value="WD_Video_6_1.mp4"/><rdf:li xmpDM:name="1" xmpDM:value="WD_Video_6_1_First_Frame.png"/><rdf:li xmpDM:name="2" xmpDM:value="WD_Video_6_1_Thumbnails.png"/></rdf:Seq>
               </tscDM:files>
            </rdf:Description>
         </tscDM:contentList>
      </rdf:Description>
   </rdf:RDF>
</x:xmpmeta>