ID,Company,Last Name,First Name,E-mail Address,Job Title,Business Phone,Home Phone,Mobile Phone,Fax Number,Address,City,State/Province,ZIP/Postal Code,Country/Region,Web Page,Notes,Attachments
1,Northwind Traders,Freehafer,Nancy,nancy@northwindtraders.com,Sales Representative,(123)555-0100,(123)555-0102,,(123)555-0103,123 1st Avenue,Seattle,WA,99999,USA,#http://northwindtraders.com#,,
2,Northwind Traders,Cencini,Andrew,andrew@northwindtraders.com,"Vice President, Sales",(123)555-0100,(123)555-0102,,(123)555-0103,123 2nd Avenue,Bellevue,WA,99999,USA,http://northwindtraders.com#http://northwindtraders.com/#,"Joined the company as a sales representative, was promoted to sales manager and was then named vice president of sales.",
3,Northwind Traders,Kotas,Jan,jan@northwindtraders.com,Sales Representative,(123)555-0100,(123)555-0102,,(123)555-0103,123 3rd Avenue,Redmond,WA,99999,USA,http://northwindtraders.com#http://northwindtraders.com/#,Was hired as a sales associate and was promoted to sales representative.,
4,Northwind Traders,Sergienko,Mariya,mariya@northwindtraders.com,Sales Representative,(123)555-0100,(123)555-0102,,(123)555-0103,123 4th Avenue,Kirkland,WA,99999,USA,http://northwindtraders.com#http://northwindtraders.com/#,,
5,Northwind Traders,Thorpe,Steven,steven@northwindtraders.com,Sales Manager,(123)555-0100,(123)555-0102,,(123)555-0103,123 5th Avenue,Seattle,WA,99999,USA,http://northwindtraders.com#http://northwindtraders.com/#,Joined the company as a sales representative and was promoted to sales manager.  Fluent in French.,
6,Northwind Traders,Neipper,Michael,michael@northwindtraders.com,Sales Representative,(123)555-0100,(123)555-0102,,(123)555-0103,123 6th Avenue,Redmond,WA,99999,USA,http://northwindtraders.com#http://northwindtraders.com/#,"Fluent in Japanese and can read and write French, Portuguese, and Spanish.",
7,Northwind Traders,Zare,Robert,robert@northwindtraders.com,Sales Representative,(123)555-0100,(123)555-0102,,(123)555-0103,123 7th Avenue,Seattle,WA,99999,USA,http://northwindtraders.com#http://northwindtraders.com/#,,
8,Northwind Traders,Giussani,Laura,laura@northwindtraders.com,Sales Coordinator,(123)555-0100,(123)555-0102,,(123)555-0103,123 8th Avenue,Redmond,WA,99999,USA,http://northwindtraders.com#http://northwindtraders.com/#,Reads and writes French.,
9,Northwind Traders,Hellung-Larsen,Anne,anne@northwindtraders.com,Sales Representative,(123)555-0100,(123)555-0102,,(123)555-0103,123 9th Avenue,Seattle,WA,99999,USA,http://northwindtraders.com#http://northwindtraders.com/#,Fluent in French and German.,
