<x:xmpmeta xmlns:x="adobe:ns:meta/">
   <rdf:RDF xmlns:rdf="http://www.w3.org/1999/02/22-rdf-syntax-ns#" xmlns:xmp="http://ns.adobe.com/xap/1.0/" xmlns:xmpDM="http://ns.adobe.com/xmp/1.0/DynamicMedia/" xmlns:xmpG="http://ns.adobe.com/xap/1.0/g/" xmlns:tsc="http://www.techsmith.com/xmp/tsc/" xmlns:xmpMM="http://ns.adobe.com/xap/1.0/mm/" xmlns:tscDM="http://www.techsmith.com/xmp/tscDM/" xmlns:tscIQ="http://www.techsmith.com/xmp/tscIQ/" xmlns:tscHS="http://www.techsmith.com/xmp/tscHS/" xmlns:stDim="http://ns.adobe.com/xap/1.0/sType/Dimensions#" xmlns:stFnt="http://ns.adobe.com/xap/1.0/sType/Font#" xmlns:exif="http://ns.adobe.com/exif/1.0" xmlns:dc="http://purl.org/dc/elements/1.1/">
      <rdf:Description tsc:version="2.0.0" dc:date="2013-03-20 05:01:44 AM" dc:source="Camtasia Studio,8.0.0,enu" dc:title="WD_Video_3_1" tscDM:firstFrame="WD_Video_3_1_First_Frame.png" tscDM:originId="D3D1D603-2E98-4FEB-B501-27921485C818" tscDM:project="WD_Video_3_1">
         <xmpDM:duration xmpDM:scale="1/1000" xmpDM:value="86500"/>
         <xmpDM:videoFrameSize stDim:unit="pixel" stDim:h="480" stDim:w="768"/>
         <tsc:langName>
            <rdf:Bag>
               <rdf:li xml:lang="en-US">English</rdf:li></rdf:Bag>
         </tsc:langName>
         <xmpDM:Tracks>
            <rdf:Bag>
               <rdf:li>
                  <rdf:Description xmpDM:trackType="Caption" xmpDM:frameRate="f1000" xmpDM:trackName="Captioning" stFnt:fontFamily="Arial" tscDM:fontSize="24" tscDM:bgOpacity="0.500000">
                     <xmpDM:markers>
                        <rdf:Seq>
                           <rdf:li><rdf:Description xmpDM:duration="4033" xmpDM:startTime="3033" tscDM:valign="bottom" tscDM:halign="center"><xmpDM:name><rdf:Alt><rdf:li xml:lang="en-US">{\rtf1 Hello everyone and welcome to Chapter 3! My \par name is Dr. Theodor Richardson and I will}</rdf:li></rdf:Alt></xmpDM:name></rdf:Description></rdf:li><rdf:li><rdf:Description xmpDM:duration="4033" xmpDM:startTime="7067" tscDM:valign="bottom" tscDM:halign="center"><xmpDM:name><rdf:Alt><rdf:li xml:lang="en-US">{\rtf1  be guiding you through some vital steps in \par creating a multimedia Web site. In this}</rdf:li></rdf:Alt></xmpDM:name></rdf:Description></rdf:li><rdf:li><rdf:Description xmpDM:duration="4000" xmpDM:startTime="11100" tscDM:valign="bottom" tscDM:halign="center"><xmpDM:name><rdf:Alt><rdf:li xml:lang="en-US">{\rtf1  video, you will learn how to create an HTML \par page structure from a visual prototype or site}</rdf:li></rdf:Alt></xmpDM:name></rdf:Description></rdf:li><rdf:li><rdf:Description xmpDM:duration="4033" xmpDM:startTime="15100" tscDM:valign="bottom" tscDM:halign="center"><xmpDM:name><rdf:Alt><rdf:li xml:lang="en-US">{\rtf1  design.}</rdf:li></rdf:Alt></xmpDM:name></rdf:Description></rdf:li><rdf:li><rdf:Description xmpDM:duration="2600" xmpDM:startTime="19133" tscDM:valign="bottom" tscDM:halign="center"><xmpDM:name><rdf:Alt><rdf:li xml:lang="en-US">{\rtf1 For any layout, you will use HTML to create the \par structure of the page and then use Cascading}</rdf:li></rdf:Alt></xmpDM:name></rdf:Description></rdf:li><rdf:li><rdf:Description xmpDM:duration="5100" xmpDM:startTime="21733" tscDM:valign="bottom" tscDM:halign="center"><xmpDM:name><rdf:Alt><rdf:li xml:lang="en-US">{\rtf1  Style Sheets (CSS) for the formatting.  The \par first step then is to identify the unique }</rdf:li></rdf:Alt></xmpDM:name></rdf:Description></rdf:li><rdf:li><rdf:Description xmpDM:duration="5100" xmpDM:startTime="26833" tscDM:valign="bottom" tscDM:halign="center"><xmpDM:name><rdf:Alt><rdf:li xml:lang="en-US">{\rtf1 elements of the layout.}</rdf:li></rdf:Alt></xmpDM:name></rdf:Description></rdf:li><rdf:li><rdf:Description xmpDM:duration="4500" xmpDM:startTime="31933" tscDM:valign="bottom" tscDM:halign="center"><xmpDM:name><rdf:Alt><rdf:li xml:lang="en-US">{\rtf1 Here you can see the layout with highlight \par boxes around each distinct area.  Each of \par these}</rdf:li></rdf:Alt></xmpDM:name></rdf:Description></rdf:li><rdf:li><rdf:Description xmpDM:duration="4533" xmpDM:startTime="36433" tscDM:valign="bottom" tscDM:halign="center"><xmpDM:name><rdf:Alt><rdf:li xml:lang="en-US">{\rtf1  will become a separate component of the \par page in the HTML code.  It is helpful to}</rdf:li></rdf:Alt></xmpDM:name></rdf:Description></rdf:li><rdf:li><rdf:Description xmpDM:duration="4500" xmpDM:startTime="40967" tscDM:valign="bottom" tscDM:halign="center"><xmpDM:name><rdf:Alt><rdf:li xml:lang="en-US">{\rtf1  label these now so you can name them easily \par in code.}</rdf:li></rdf:Alt></xmpDM:name></rdf:Description></rdf:li><rdf:li><rdf:Description xmpDM:duration="1533" xmpDM:startTime="45467" tscDM:valign="bottom" tscDM:halign="center"><xmpDM:name><rdf:Alt><rdf:li xml:lang="en-US">{\rtf1 When you have selected all of the elements, \par number them approximately from top left to }</rdf:li></rdf:Alt></xmpDM:name></rdf:Description></rdf:li><rdf:li><rdf:Description xmpDM:duration="833" xmpDM:startTime="47000" tscDM:valign="bottom" tscDM:halign="center"><xmpDM:name><rdf:Alt><rdf:li xml:lang="en-US">{\rtf1 bottom right.  You can ignore the layering of \par elements for now since that will be}</rdf:li></rdf:Alt></xmpDM:name></rdf:Description></rdf:li><rdf:li><rdf:Description xmpDM:duration="2700" xmpDM:startTime="47833" tscDM:valign="bottom" tscDM:halign="center"><xmpDM:name><rdf:Alt><rdf:li xml:lang="en-US">{\rtf1 bottom right.  You can ignore the layering of \par elements for now since that will be}</rdf:li></rdf:Alt></xmpDM:name></rdf:Description></rdf:li><rdf:li><rdf:Description xmpDM:duration="5900" xmpDM:startTime="50533" tscDM:valign="bottom" tscDM:halign="center"><xmpDM:name><rdf:Alt><rdf:li xml:lang="en-US">{\rtf1  controlled through CSS.  Note the background \par is not included in this because the formatting}</rdf:li></rdf:Alt></xmpDM:name></rdf:Description></rdf:li><rdf:li><rdf:Description xmpDM:duration="5900" xmpDM:startTime="56433" tscDM:valign="bottom" tscDM:halign="center"><xmpDM:name><rdf:Alt><rdf:li xml:lang="en-US">{\rtf1  for this is controlled by the &lt;body&gt; tag itself \par within the page.}</rdf:li></rdf:Alt></xmpDM:name></rdf:Description></rdf:li><rdf:li><rdf:Description xmpDM:duration="7833" xmpDM:startTime="62333" tscDM:valign="bottom" tscDM:halign="center"><xmpDM:name><rdf:Alt><rdf:li xml:lang="en-US">{\rtf1 In the HTML code, all you need to do is add a \par division (&lt;div&gt;) tag for each of the elements in}</rdf:li></rdf:Alt></xmpDM:name></rdf:Description></rdf:li><rdf:li><rdf:Description xmpDM:duration="7833" xmpDM:startTime="70167" tscDM:valign="bottom" tscDM:halign="center"><xmpDM:name><rdf:Alt><rdf:li xml:lang="en-US">{\rtf1  order.  The &lt;div&gt; tag should include attributes \par for a name and ID.  Here, you can use the }</rdf:li></rdf:Alt></xmpDM:name></rdf:Description></rdf:li><rdf:li><rdf:Description xmpDM:duration="2133" xmpDM:startTime="78000" tscDM:valign="bottom" tscDM:halign="center"><xmpDM:name><rdf:Alt><rdf:li xml:lang="en-US">{\rtf1 labels for the elements to name them.  The \par name and ID attributes can contain the same}</rdf:li></rdf:Alt></xmpDM:name></rdf:Description></rdf:li><rdf:li><rdf:Description xmpDM:duration="3133" xmpDM:startTime="80133" tscDM:valign="bottom" tscDM:halign="center"><xmpDM:name><rdf:Alt><rdf:li xml:lang="en-US">{\rtf1 labels for the elements to name them.  The \par name and ID attributes can contain the same}</rdf:li></rdf:Alt></xmpDM:name></rdf:Description></rdf:li><rdf:li><rdf:Description xmpDM:duration="633" xmpDM:startTime="83267" tscDM:valign="bottom" tscDM:halign="center"><xmpDM:name><rdf:Alt><rdf:li xml:lang="en-US">{\rtf1  value.  Now you can fill each &lt;div&gt; with \par content and format your elements with CSS.}</rdf:li></rdf:Alt></xmpDM:name></rdf:Description></rdf:li><rdf:li><rdf:Description xmpDM:duration="2600" xmpDM:startTime="83900" tscDM:valign="bottom" tscDM:halign="center"><xmpDM:name><rdf:Alt><rdf:li xml:lang="en-US">{\rtf1  value.  Now you can fill each &lt;div&gt; with \par content and format your elements with CSS.}</rdf:li></rdf:Alt></xmpDM:name></rdf:Description></rdf:li></rdf:Seq>
                     </xmpDM:markers>
                     <tsc:fgColor xmpG:red="255" xmpG:green="255" xmpG:blue="255"/><tsc:bgColor xmpG:red="0" xmpG:green="0" xmpG:blue="0"/></rdf:Description>
               </rdf:li>
               <rdf:li>
                  <rdf:Description xmpDM:trackType="ScreenText" xmpDM:frameRate="f1000" xmpDM:trackName="Screen Text">
                     <xmpDM:markers>
                        <rdf:Seq>
                           <rdf:li><rdf:Description xmpDM:name="Welcome!" xmpDM:startTime="3033" xmpDM:duration="1000"/></rdf:li><rdf:li><rdf:Description xmpDM:name="In" xmpDM:startTime="3033" xmpDM:duration="1000"/></rdf:li><rdf:li><rdf:Description xmpDM:name="this" xmpDM:startTime="3033" xmpDM:duration="1000"/></rdf:li><rdf:li><rdf:Description xmpDM:name="video," xmpDM:startTime="3033" xmpDM:duration="1000"/></rdf:li><rdf:li><rdf:Description xmpDM:name="you" xmpDM:startTime="3033" xmpDM:duration="1000"/></rdf:li><rdf:li><rdf:Description xmpDM:name="will" xmpDM:startTime="3033" xmpDM:duration="1000"/></rdf:li><rdf:li><rdf:Description xmpDM:name="learn" xmpDM:startTime="3033" xmpDM:duration="1000"/></rdf:li><rdf:li><rdf:Description xmpDM:name="how" xmpDM:startTime="3033" xmpDM:duration="1000"/></rdf:li><rdf:li><rdf:Description xmpDM:name="to" xmpDM:startTime="3033" xmpDM:duration="1000"/></rdf:li><rdf:li><rdf:Description xmpDM:name="translate" xmpDM:startTime="3033" xmpDM:duration="1000"/></rdf:li><rdf:li><rdf:Description xmpDM:name="a" xmpDM:startTime="3033" xmpDM:duration="1000"/></rdf:li><rdf:li><rdf:Description xmpDM:name="design" xmpDM:startTime="3033" xmpDM:duration="1000"/></rdf:li><rdf:li><rdf:Description xmpDM:name="into" xmpDM:startTime="3033" xmpDM:duration="1000"/></rdf:li><rdf:li><rdf:Description xmpDM:name="HTML" xmpDM:startTime="3033" xmpDM:duration="1000"/></rdf:li><rdf:li><rdf:Description xmpDM:name="code." xmpDM:startTime="3033" xmpDM:duration="1000"/></rdf:li><rdf:li><rdf:Description xmpDM:name="Logo" xmpDM:startTime="31933" xmpDM:duration="1000"/></rdf:li><rdf:li><rdf:Description xmpDM:name="Cup" xmpDM:startTime="31933" xmpDM:duration="1000"/></rdf:li><rdf:li><rdf:Description xmpDM:name="Bottom" xmpDM:startTime="31933" xmpDM:duration="1000"/></rdf:li><rdf:li><rdf:Description xmpDM:name="Banner" xmpDM:startTime="31933" xmpDM:duration="1000"/></rdf:li><rdf:li><rdf:Description xmpDM:name="Menu" xmpDM:startTime="31933" xmpDM:duration="1000"/></rdf:li><rdf:li><rdf:Description xmpDM:name="Content" xmpDM:startTime="31933" xmpDM:duration="1000"/></rdf:li><rdf:li><rdf:Description xmpDM:name="Background" xmpDM:startTime="31933" xmpDM:duration="1000"/></rdf:li><rdf:li><rdf:Description xmpDM:name="(Body)" xmpDM:startTime="31933" xmpDM:duration="1000"/></rdf:li><rdf:li><rdf:Description xmpDM:name="6" xmpDM:startTime="50549" xmpDM:duration="1000"/></rdf:li><rdf:li><rdf:Description xmpDM:name="Logo" xmpDM:startTime="62333" xmpDM:duration="1000"/></rdf:li><rdf:li><rdf:Description xmpDM:name="Cup" xmpDM:startTime="62333" xmpDM:duration="1000"/></rdf:li><rdf:li><rdf:Description xmpDM:name="Bottom" xmpDM:startTime="62333" xmpDM:duration="1000"/></rdf:li><rdf:li><rdf:Description xmpDM:name="Banner" xmpDM:startTime="62333" xmpDM:duration="1000"/></rdf:li><rdf:li><rdf:Description xmpDM:name="Menu" xmpDM:startTime="62333" xmpDM:duration="1000"/></rdf:li><rdf:li><rdf:Description xmpDM:name="Content" xmpDM:startTime="62333" xmpDM:duration="1000"/></rdf:li><rdf:li><rdf:Description xmpDM:name="Background" xmpDM:startTime="62333" xmpDM:duration="1000"/></rdf:li><rdf:li><rdf:Description xmpDM:name="(Body)" xmpDM:startTime="62333" xmpDM:duration="1000"/></rdf:li><rdf:li><rdf:Description xmpDM:name="1" xmpDM:startTime="62333" xmpDM:duration="1000"/></rdf:li><rdf:li><rdf:Description xmpDM:name="2" xmpDM:startTime="62333" xmpDM:duration="1000"/></rdf:li><rdf:li><rdf:Description xmpDM:name="3" xmpDM:startTime="62333" xmpDM:duration="1000"/></rdf:li><rdf:li><rdf:Description xmpDM:name="4" xmpDM:startTime="62333" xmpDM:duration="1000"/></rdf:li><rdf:li><rdf:Description xmpDM:name="5" xmpDM:startTime="62333" xmpDM:duration="1000"/></rdf:li><rdf:li><rdf:Description xmpDM:name="6" xmpDM:startTime="62333" xmpDM:duration="1000"/></rdf:li><rdf:li><rdf:Description xmpDM:name="&lt;!DOCTYPE" xmpDM:startTime="62333" xmpDM:duration="1000"/></rdf:li><rdf:li><rdf:Description xmpDM:name="html&gt;" xmpDM:startTime="62333" xmpDM:duration="1000"/></rdf:li><rdf:li><rdf:Description xmpDM:name="&lt;html&gt;" xmpDM:startTime="62333" xmpDM:duration="1000"/></rdf:li><rdf:li><rdf:Description xmpDM:name="Logo" xmpDM:startTime="67560" xmpDM:duration="1000"/></rdf:li><rdf:li><rdf:Description xmpDM:name="Cup" xmpDM:startTime="67560" xmpDM:duration="1000"/></rdf:li><rdf:li><rdf:Description xmpDM:name="Bottom" xmpDM:startTime="67560" xmpDM:duration="1000"/></rdf:li><rdf:li><rdf:Description xmpDM:name="Banner" xmpDM:startTime="67560" xmpDM:duration="1000"/></rdf:li><rdf:li><rdf:Description xmpDM:name="Menu" xmpDM:startTime="67560" xmpDM:duration="1000"/></rdf:li><rdf:li><rdf:Description xmpDM:name="Content" xmpDM:startTime="67560" xmpDM:duration="1000"/></rdf:li><rdf:li><rdf:Description xmpDM:name="Background" xmpDM:startTime="67560" xmpDM:duration="1000"/></rdf:li><rdf:li><rdf:Description xmpDM:name="(Body)" xmpDM:startTime="67560" xmpDM:duration="1000"/></rdf:li><rdf:li><rdf:Description xmpDM:name="1" xmpDM:startTime="67560" xmpDM:duration="1000"/></rdf:li><rdf:li><rdf:Description xmpDM:name="2" xmpDM:startTime="67560" xmpDM:duration="1000"/></rdf:li><rdf:li><rdf:Description xmpDM:name="3" xmpDM:startTime="67560" xmpDM:duration="1000"/></rdf:li><rdf:li><rdf:Description xmpDM:name="4" xmpDM:startTime="67560" xmpDM:duration="1000"/></rdf:li><rdf:li><rdf:Description xmpDM:name="5" xmpDM:startTime="67560" xmpDM:duration="1000"/></rdf:li><rdf:li><rdf:Description xmpDM:name="6" xmpDM:startTime="67560" xmpDM:duration="1000"/></rdf:li><rdf:li><rdf:Description xmpDM:name="&lt;!DOCTYPE" xmpDM:startTime="67560" xmpDM:duration="1000"/></rdf:li><rdf:li><rdf:Description xmpDM:name="html&gt;" xmpDM:startTime="67560" xmpDM:duration="1000"/></rdf:li><rdf:li><rdf:Description xmpDM:name="&lt;html&gt;" xmpDM:startTime="67560" xmpDM:duration="1000"/></rdf:li><rdf:li><rdf:Description xmpDM:name="Logo" xmpDM:startTime="72787" xmpDM:duration="1000"/></rdf:li><rdf:li><rdf:Description xmpDM:name="Cup" xmpDM:startTime="72787" xmpDM:duration="1000"/></rdf:li><rdf:li><rdf:Description xmpDM:name="Bottom" xmpDM:startTime="72787" xmpDM:duration="1000"/></rdf:li><rdf:li><rdf:Description xmpDM:name="Banner" xmpDM:startTime="72787" xmpDM:duration="1000"/></rdf:li><rdf:li><rdf:Description xmpDM:name="Menu" xmpDM:startTime="72787" xmpDM:duration="1000"/></rdf:li><rdf:li><rdf:Description xmpDM:name="Content" xmpDM:startTime="72787" xmpDM:duration="1000"/></rdf:li><rdf:li><rdf:Description xmpDM:name="Background" xmpDM:startTime="72787" xmpDM:duration="1000"/></rdf:li><rdf:li><rdf:Description xmpDM:name="(Body)" xmpDM:startTime="72787" xmpDM:duration="1000"/></rdf:li><rdf:li><rdf:Description xmpDM:name="1" xmpDM:startTime="72787" xmpDM:duration="1000"/></rdf:li><rdf:li><rdf:Description xmpDM:name="2" xmpDM:startTime="72787" xmpDM:duration="1000"/></rdf:li><rdf:li><rdf:Description xmpDM:name="3" xmpDM:startTime="72787" xmpDM:duration="1000"/></rdf:li><rdf:li><rdf:Description xmpDM:name="4" xmpDM:startTime="72787" xmpDM:duration="1000"/></rdf:li><rdf:li><rdf:Description xmpDM:name="5" xmpDM:startTime="72787" xmpDM:duration="1000"/></rdf:li><rdf:li><rdf:Description xmpDM:name="6" xmpDM:startTime="72787" xmpDM:duration="1000"/></rdf:li><rdf:li><rdf:Description xmpDM:name="&lt;!DOCTYPE" xmpDM:startTime="72787" xmpDM:duration="1000"/></rdf:li><rdf:li><rdf:Description xmpDM:name="html&gt;" xmpDM:startTime="72787" xmpDM:duration="1000"/></rdf:li><rdf:li><rdf:Description xmpDM:name="&lt;html&gt;" xmpDM:startTime="72787" xmpDM:duration="1000"/></rdf:li><rdf:li><rdf:Description xmpDM:name="id=&quot;menu&quot;" xmpDM:startTime="78014" xmpDM:duration="1000"/></rdf:li><rdf:li><rdf:Description xmpDM:name="name=&quot;menu&quot;&gt;Menu&lt;/div&gt;" xmpDM:startTime="78014" xmpDM:duration="1000"/></rdf:li><rdf:li><rdf:Description xmpDM:name="&lt;div" xmpDM:startTime="78014" xmpDM:duration="1000"/></rdf:li><rdf:li><rdf:Description xmpDM:name="id=&quot;cup&quot;" xmpDM:startTime="78014" xmpDM:duration="1000"/></rdf:li><rdf:li><rdf:Description xmpDM:name="name=&quot;cup&quot;&gt;Cup&lt;/div&gt;" xmpDM:startTime="78014" xmpDM:duration="1000"/></rdf:li><rdf:li><rdf:Description xmpDM:name="name=&quot;bottom&quot;&gt;Bottom&lt;/div&gt;" xmpDM:startTime="82135" xmpDM:duration="1000"/></rdf:li><rdf:li><rdf:Description xmpDM:name="&lt;/body&gt;" xmpDM:startTime="82135" xmpDM:duration="1000"/></rdf:li><rdf:li><rdf:Description xmpDM:name="&lt;/html&gt;" xmpDM:startTime="82135" xmpDM:duration="1000"/></rdf:li></rdf:Seq>
                     </xmpDM:markers>
                  </rdf:Description>
               </rdf:li>
               <rdf:li>
                  <rdf:Description xmpDM:trackType="TableOfContents" xmpDM:frameRate="f1000" xmpDM:trackName="Table of Contents">
                     <xmpDM:markers>
                        <rdf:Seq>
                           <rdf:li><rdf:Description xmpDM:name="Slide 1" xmpDM:startTime="0" tscDM:image="WD_Video_3_1_Thumbnails.png" tscDM:imageindex="0" tscDM:imageoffset="0" tscDM:imagerect="0, 0, 75, 46"/></rdf:li><rdf:li><rdf:Description xmpDM:name="Welcome!" xmpDM:startTime="3000" tscDM:image="WD_Video_3_1_Thumbnails.png" tscDM:imageindex="1" tscDM:imageoffset="0" tscDM:imagerect="75, 0, 75, 46"/></rdf:li><rdf:li><rdf:Description xmpDM:name="Slide 4" xmpDM:startTime="31900" tscDM:image="WD_Video_3_1_Thumbnails.png" tscDM:imageindex="2" tscDM:imageoffset="0" tscDM:imagerect="150, 0, 75, 46"/></rdf:li><rdf:li><rdf:Description xmpDM:name="Slide 6" xmpDM:startTime="62333" tscDM:image="WD_Video_3_1_Thumbnails.png" tscDM:imageindex="3" tscDM:imageoffset="0" tscDM:imagerect="225, 0, 75, 46"/></rdf:li></rdf:Seq>
                     </xmpDM:markers>
                  </rdf:Description>
               </rdf:li>
            </rdf:Bag>
         </xmpDM:Tracks>
         <tscDM:controller>
            <rdf:Description xmpDM:name="tscplayer">
               <tscDM:parameters>
                  <rdf:Bag>
                     <rdf:li xmpDM:name="autohide" xmpDM:value="true"/><rdf:li xmpDM:name="autoplay" xmpDM:value="false"/><rdf:li xmpDM:name="loop" xmpDM:value="false"/><rdf:li xmpDM:name="searchable" xmpDM:value="true"/><rdf:li xmpDM:name="captionsenabled" xmpDM:value="false"/><rdf:li xmpDM:name="sidebarenabled" xmpDM:value="false"/><rdf:li xmpDM:name="unicodeenabled" xmpDM:value="false"/><rdf:li xmpDM:name="backgroundcolor" xmpDM:value="000000"/><rdf:li xmpDM:name="sidebarlocation" xmpDM:value="left"/><rdf:li xmpDM:name="endaction" xmpDM:value="stop"/><rdf:li xmpDM:name="endactionparam" xmpDM:value="true"/></rdf:Bag>
               </tscDM:parameters>
               <tscDM:controllerText>
                  <rdf:Bag>
                     <rdf:li><rdf:Description xmp:label="searchText"><tscDM:localizedText><rdf:Alt><rdf:li xml:lang="en-US">Search</rdf:li></rdf:Alt></tscDM:localizedText></rdf:Description></rdf:li><rdf:li><rdf:Description xmp:label="resultText"><tscDM:localizedText><rdf:Alt><rdf:li xml:lang="en-US">Results Found</rdf:li></rdf:Alt></tscDM:localizedText></rdf:Description></rdf:li><rdf:li><rdf:Description xmp:label="searchFullscreenText"><tscDM:localizedText><rdf:Alt><rdf:li xml:lang="en-US">Search disabled in full screen mode</rdf:li></rdf:Alt></tscDM:localizedText></rdf:Description></rdf:li><rdf:li><rdf:Description xmp:label="replayButtonText"><tscDM:localizedText><rdf:Alt><rdf:li xml:lang="en-US">Replay</rdf:li></rdf:Alt></tscDM:localizedText></rdf:Description></rdf:li><rdf:li><rdf:Description xmp:label="localSecurityError"><tscDM:localizedText><rdf:Alt><rdf:li xml:lang="en-US">Certain features in your video are currently disabled due to Local Network Security. These features work correctly when the video is played from a Website or Server.</rdf:li></rdf:Alt></tscDM:localizedText></rdf:Description></rdf:li></rdf:Bag>
               </tscDM:controllerText>
            </rdf:Description>
         </tscDM:controller>
         <tscDM:contentList>
            <rdf:Description>
               <tscDM:files>
                  <rdf:Seq>
                     <rdf:li xmpDM:name="0" xmpDM:value="WD_Video_3_1.mp4"/><rdf:li xmpDM:name="1" xmpDM:value="WD_Video_3_1_First_Frame.png"/><rdf:li xmpDM:name="2" xmpDM:value="WD_Video_3_1_Thumbnails.png"/></rdf:Seq>
               </tscDM:files>
            </rdf:Description>
         </tscDM:contentList>
      </rdf:Description>
   </rdf:RDF>
</x:xmpmeta>