<?xml version="1.0" encoding="UTF-8"?>
<dataroot xmlns:od="urn:schemas-microsoft-com:officedata" generated="2019-05-31T18:55:13">
<Invoices>
<ShipName>Richter Supermarkt</ShipName>
<ShipAddress>Starenweg 5</ShipAddress>
<ShipCity>Genève</ShipCity>
<ShipPostalCode>1204</ShipPostalCode>
<ShipCountry>Switzerland</ShipCountry>
<CustomerID>RICSU</CustomerID>
<Customers.CompanyName>Richter Supermarkt</Customers.CompanyName>
<Address>Grenzacherweg 237</Address>
<City>Genève</City>
<PostalCode>1203</PostalCode>
<Country>Switzerland</Country>
<Salesperson>Laura Callahan</Salesperson>
<OrderID>11075</OrderID>
<OrderDate>1998-05-06T00:00:00</OrderDate>
<RequiredDate>1998-06-03T00:00:00</RequiredDate>
<Shippers.CompanyName>United Package</Shippers.CompanyName>
<ProductID>2</ProductID>
<ProductName>Chang</ProductName>
<UnitPrice>19</UnitPrice>
<Quantity>10</Quantity>
<Discount>0.15</Discount>
<ExtendedPrice>161.5</ExtendedPrice>
<Freight>6.19</Freight>
</Invoices>
<Invoices>
<ShipName>Richter Supermarkt</ShipName>
<ShipAddress>Starenweg 5</ShipAddress>
<ShipCity>Genève</ShipCity>
<ShipPostalCode>1204</ShipPostalCode>
<ShipCountry>Switzerland</ShipCountry>
<CustomerID>RICSU</CustomerID>
<Customers.CompanyName>Richter Supermarkt</Customers.CompanyName>
<Address>Grenzacherweg 237</Address>
<City>Genève</City>
<PostalCode>1203</PostalCode>
<Country>Switzerland</Country>
<Salesperson>Laura Callahan</Salesperson>
<OrderID>11075</OrderID>
<OrderDate>1998-05-06T00:00:00</OrderDate>
<RequiredDate>1998-06-03T00:00:00</RequiredDate>
<Shippers.CompanyName>United Package</Shippers.CompanyName>
<ProductID>46</ProductID>
<ProductName>Spegesild</ProductName>
<UnitPrice>12</UnitPrice>
<Quantity>30</Quantity>
<Discount>0.15</Discount>
<ExtendedPrice>306</ExtendedPrice>
<Freight>6.19</Freight>
</Invoices>
<Invoices>
<ShipName>Richter Supermarkt</ShipName>
<ShipAddress>Starenweg 5</ShipAddress>
<ShipCity>Genève</ShipCity>
<ShipPostalCode>1204</ShipPostalCode>
<ShipCountry>Switzerland</ShipCountry>
<CustomerID>RICSU</CustomerID>
<Customers.CompanyName>Richter Supermarkt</Customers.CompanyName>
<Address>Grenzacherweg 237</Address>
<City>Genève</City>
<PostalCode>1203</PostalCode>
<Country>Switzerland</Country>
<Salesperson>Laura Callahan</Salesperson>
<OrderID>11075</OrderID>
<OrderDate>1998-05-06T00:00:00</OrderDate>
<RequiredDate>1998-06-03T00:00:00</RequiredDate>
<Shippers.CompanyName>United Package</Shippers.CompanyName>
<ProductID>76</ProductID>
<ProductName>Lakkalikööri</ProductName>
<UnitPrice>18</UnitPrice>
<Quantity>2</Quantity>
<Discount>0.15</Discount>
<ExtendedPrice>30.6</ExtendedPrice>
<Freight>6.19</Freight>
</Invoices>
</dataroot>
