<?xml version="1.0" encoding="UTF-8"?>
<dataroot xmlns:od="urn:schemas-microsoft-com:officedata" xmlns:xsi="http://www.w3.org/2001/XMLSchema-instance"  xsi:noNamespaceSchemaLocation="qryShippers.xsd" generated="2019-05-31T15:35:50">
<qryShippers>
<ID>1</ID>
<Company>Shipping Company A</Company>
<Address>123 Any Street</Address>
<State_x002F_Province>TN</State_x002F_Province>
<ZIP_x002F_Postal_x0020_Code>99999</ZIP_x002F_Postal_x0020_Code>
<Country_x002F_Region>USA</Country_x002F_Region>
</qryShippers>
<qryShippers>
<ID>2</ID>
<Company>Shipping Company B</Company>
<Address>123 Any Street</Address>
<State_x002F_Province>TN</State_x002F_Province>
<ZIP_x002F_Postal_x0020_Code>99999</ZIP_x002F_Postal_x0020_Code>
<Country_x002F_Region>USA</Country_x002F_Region>
</qryShippers>
<qryShippers>
<ID>3</ID>
<Company>Shipping Company C</Company>
<Address>123 Any Street</Address>
<State_x002F_Province>TN</State_x002F_Province>
<ZIP_x002F_Postal_x0020_Code>99999</ZIP_x002F_Postal_x0020_Code>
<Country_x002F_Region>USA</Country_x002F_Region>
</qryShippers>
</dataroot>
