<?xml version="1.0" encoding="UTF-8"?>
<dataroot xmlns:od="urn:schemas-microsoft-com:officedata" xmlns:xsi="http://www.w3.org/2001/XMLSchema-instance" xsi:noNamespaceSchemaLocation="Shippers.xsd" generated="2019-05-31T13:14:03">
	<Shippers>
		<ID>1</ID>
		<Company>Airborne Express</Company>
		<Address>123 Any Street</Address>
		<City>Memphis</City>
		<State_x002F_Province>TN</State_x002F_Province>
		<ZIP_x002F_Postal_x0020_Code>99999</ZIP_x002F_Postal_x0020_Code>
		<Country_x002F_Region>USA</Country_x002F_Region>
	</Shippers>
	<Shippers>
		<ID>2</ID>
		<Company>Shipping Company B</Company>
		<Address>123 Any Street</Address>
		<City>Memphis</City>
		<State_x002F_Province>TN</State_x002F_Province>
		<ZIP_x002F_Postal_x0020_Code>99999</ZIP_x002F_Postal_x0020_Code>
		<Country_x002F_Region>USA</Country_x002F_Region>
	</Shippers>
	<Shippers>
		<ID>3</ID>
		<Company>Shipping Company C</Company>
		<Address>123 Any Street</Address>
		<City>Memphis</City>
		<State_x002F_Province>TN</State_x002F_Province>
		<ZIP_x002F_Postal_x0020_Code>99999</ZIP_x002F_Postal_x0020_Code>
		<Country_x002F_Region>USA</Country_x002F_Region>
	</Shippers>
</dataroot>
