<customUI xmlns="http://schemas.microsoft.com/office/2009/07/customui">
<ribbon startFromScratch="false">
<contextualTabs>
<tabSet idMso="TabSetFormReportExtensibility">
<tab id="rptTools" label="Report Tools">
<group idMso="GroupSortAndFilter" />
<group idMso="GroupFindAccess" />
</tab>
</tabSet>
</contextualTabs>
<tabs>
<tab idMso="TabExternalData" visible="true">
<group idMso="GroupCollectData" visible="false" />
<group idMso="GroupSharepointLists" visible="false" />
</tab>
</tabs>
</ribbon>
</customUI>