<x:xmpmeta xmlns:x="adobe:ns:meta/">
   <rdf:RDF xmlns:rdf="http://www.w3.org/1999/02/22-rdf-syntax-ns#" xmlns:xmp="http://ns.adobe.com/xap/1.0/" xmlns:xmpDM="http://ns.adobe.com/xmp/1.0/DynamicMedia/" xmlns:xmpG="http://ns.adobe.com/xap/1.0/g/" xmlns:tsc="http://www.techsmith.com/xmp/tsc/" xmlns:xmpMM="http://ns.adobe.com/xap/1.0/mm/" xmlns:tscDM="http://www.techsmith.com/xmp/tscDM/" xmlns:tscIQ="http://www.techsmith.com/xmp/tscIQ/" xmlns:tscHS="http://www.techsmith.com/xmp/tscHS/" xmlns:stDim="http://ns.adobe.com/xap/1.0/sType/Dimensions#" xmlns:stFnt="http://ns.adobe.com/xap/1.0/sType/Font#" xmlns:exif="http://ns.adobe.com/exif/1.0" xmlns:dc="http://purl.org/dc/elements/1.1/">
      <rdf:Description tsc:version="2.0.0" dc:date="2013-03-20 04:42:48 AM" dc:source="Camtasia Studio,8.0.0,enu" dc:title="WD_Video_1_1" tscDM:firstFrame="WD_Video_1_1_First_Frame.png" tscDM:originId="D3D1D603-2E98-4FEB-B501-27921485C818" tscDM:project="WD_Video_1_1">
         <xmpDM:duration xmpDM:scale="1/1000" xmpDM:value="152066"/>
         <xmpDM:videoFrameSize stDim:unit="pixel" stDim:h="480" stDim:w="768"/>
         <tsc:langName>
            <rdf:Bag>
               <rdf:li xml:lang="en-US">English</rdf:li></rdf:Bag>
         </tsc:langName>
         <xmpDM:Tracks>
            <rdf:Bag>
               <rdf:li>
                  <rdf:Description xmpDM:trackType="Caption" xmpDM:frameRate="f1000" xmpDM:trackName="Captioning" stFnt:fontFamily="Arial" tscDM:fontSize="24" tscDM:bgOpacity="0.500000">
                     <xmpDM:markers>
                        <rdf:Seq>
                           <rdf:li><rdf:Description xmpDM:duration="4300" xmpDM:startTime="33" tscDM:valign="bottom" tscDM:halign="center"><xmpDM:name><rdf:Alt><rdf:li xml:lang="en-US">{\rtf1 Hello everyone and welcome to Chapter 1! My \par name is Dr. Theodor Richardson and I will}</rdf:li></rdf:Alt></xmpDM:name></rdf:Description></rdf:li><rdf:li><rdf:Description xmpDM:duration="4300" xmpDM:startTime="4333" tscDM:valign="bottom" tscDM:halign="center"><xmpDM:name><rdf:Alt><rdf:li xml:lang="en-US">{\rtf1  be guiding you through some vital steps in \par creating a multimedia Web site. In this}</rdf:li></rdf:Alt></xmpDM:name></rdf:Description></rdf:li><rdf:li><rdf:Description xmpDM:duration="4300" xmpDM:startTime="8633" tscDM:valign="bottom" tscDM:halign="center"><xmpDM:name><rdf:Alt><rdf:li xml:lang="en-US">{\rtf1  video, you will learn how to create a simple \par HTML page and how the elements in the page}</rdf:li></rdf:Alt></xmpDM:name></rdf:Description></rdf:li><rdf:li><rdf:Description xmpDM:duration="4333" xmpDM:startTime="12933" tscDM:valign="bottom" tscDM:halign="center"><xmpDM:name><rdf:Alt><rdf:li xml:lang="en-US">{\rtf1  relate to what you see in a browser.}</rdf:li></rdf:Alt></xmpDM:name></rdf:Description></rdf:li><rdf:li><rdf:Description xmpDM:duration="4467" xmpDM:startTime="17267" tscDM:valign="bottom" tscDM:halign="center"><xmpDM:name><rdf:Alt><rdf:li xml:lang="en-US">{\rtf1 There are a variety of tools you can use to \par create an HTML page, but all you really need is \par a}</rdf:li></rdf:Alt></xmpDM:name></rdf:Description></rdf:li><rdf:li><rdf:Description xmpDM:duration="4500" xmpDM:startTime="21733" tscDM:valign="bottom" tscDM:halign="center"><xmpDM:name><rdf:Alt><rdf:li xml:lang="en-US">{\rtf1  text editor.  I prefer Notepad++ since it \par highlights HTML tags inside the text so}</rdf:li></rdf:Alt></xmpDM:name></rdf:Description></rdf:li><rdf:li><rdf:Description xmpDM:duration="4500" xmpDM:startTime="26233" tscDM:valign="bottom" tscDM:halign="center"><xmpDM:name><rdf:Alt><rdf:li xml:lang="en-US">{\rtf1  you can easily see where the parts of your \par page are located.  This is the page we will}</rdf:li></rdf:Alt></xmpDM:name></rdf:Description></rdf:li><rdf:li><rdf:Description xmpDM:duration="4467" xmpDM:startTime="30733" tscDM:valign="bottom" tscDM:halign="center"><xmpDM:name><rdf:Alt><rdf:li xml:lang="en-US">{\rtf1  construct piece by piece.}</rdf:li></rdf:Alt></xmpDM:name></rdf:Description></rdf:li><rdf:li><rdf:Description xmpDM:duration="33" xmpDM:startTime="35200" tscDM:valign="bottom" tscDM:halign="center"><xmpDM:name><rdf:Alt><rdf:li xml:lang="en-US">{\rtf1  construct piece by piece.}</rdf:li></rdf:Alt></xmpDM:name></rdf:Description></rdf:li><rdf:li><rdf:Description xmpDM:duration="3767" xmpDM:startTime="35233" tscDM:valign="bottom" tscDM:halign="center"><xmpDM:name><rdf:Alt><rdf:li xml:lang="en-US">{\rtf1 The first line to add into the blank text \par document is the DOCTYPE.  This tells the}</rdf:li></rdf:Alt></xmpDM:name></rdf:Description></rdf:li><rdf:li><rdf:Description xmpDM:duration="4400" xmpDM:startTime="39000" tscDM:valign="bottom" tscDM:halign="center"><xmpDM:name><rdf:Alt><rdf:li xml:lang="en-US">{\rtf1  browser what kind of document it should \par expect to follow.  In the case of HTML5, this is}</rdf:li></rdf:Alt></xmpDM:name></rdf:Description></rdf:li><rdf:li><rdf:Description xmpDM:duration="5900" xmpDM:startTime="43400" tscDM:valign="bottom" tscDM:halign="center"><xmpDM:name><rdf:Alt><rdf:li xml:lang="en-US">{\rtf1  always just “html” which is a nice change \par from the versioning in previous HTML \par DOCTYPE}</rdf:li></rdf:Alt></xmpDM:name></rdf:Description></rdf:li><rdf:li><rdf:Description xmpDM:duration="2567" xmpDM:startTime="49300" tscDM:valign="bottom" tscDM:halign="center"><xmpDM:name><rdf:Alt><rdf:li xml:lang="en-US">{\rtf1  declarations.}</rdf:li></rdf:Alt></xmpDM:name></rdf:Description></rdf:li><rdf:li><rdf:Description xmpDM:duration="4567" xmpDM:startTime="51867" tscDM:valign="bottom" tscDM:halign="center"><xmpDM:name><rdf:Alt><rdf:li xml:lang="en-US">{\rtf1 Next, you add the &lt;html&gt; tag.  Each tag in \par HTML is like a switch.  The open tag turns the}</rdf:li></rdf:Alt></xmpDM:name></rdf:Description></rdf:li><rdf:li><rdf:Description xmpDM:duration="4933" xmpDM:startTime="56433" tscDM:valign="bottom" tscDM:halign="center"><xmpDM:name><rdf:Alt><rdf:li xml:lang="en-US">{\rtf1  element on and the close tag turns it off.  \par Whatever is between the open and close tag }</rdf:li></rdf:Alt></xmpDM:name></rdf:Description></rdf:li><rdf:li><rdf:Description xmpDM:duration="4900" xmpDM:startTime="61367" tscDM:valign="bottom" tscDM:halign="center"><xmpDM:name><rdf:Alt><rdf:li xml:lang="en-US">{\rtf1 is affected by the tag.  In this case, whatever \par is between the &lt;html&gt; and &lt;/html&gt; tags is}</rdf:li></rdf:Alt></xmpDM:name></rdf:Description></rdf:li><rdf:li><rdf:Description xmpDM:duration="5367" xmpDM:startTime="66267" tscDM:valign="bottom" tscDM:halign="center"><xmpDM:name><rdf:Alt><rdf:li xml:lang="en-US">{\rtf1  interpreted as HTML code.}</rdf:li></rdf:Alt></xmpDM:name></rdf:Description></rdf:li><rdf:li><rdf:Description xmpDM:duration="3933" xmpDM:startTime="71833" tscDM:valign="bottom" tscDM:halign="center"><xmpDM:name><rdf:Alt><rdf:li xml:lang="en-US">{\rtf1 The next step is to add the head and body to \par the page.  These are added by the &lt;head&gt; \par and}</rdf:li></rdf:Alt></xmpDM:name></rdf:Description></rdf:li><rdf:li><rdf:Description xmpDM:duration="4133" xmpDM:startTime="75767" tscDM:valign="bottom" tscDM:halign="center"><xmpDM:name><rdf:Alt><rdf:li xml:lang="en-US">{\rtf1  &lt;body&gt; tags.  The head contains all of the \par information about the page and the body \par contains }</rdf:li></rdf:Alt></xmpDM:name></rdf:Description></rdf:li><rdf:li><rdf:Description xmpDM:duration="4133" xmpDM:startTime="79900" tscDM:valign="bottom" tscDM:halign="center"><xmpDM:name><rdf:Alt><rdf:li xml:lang="en-US">{\rtf1 the content that you see in the browser \par window.  Just like the &lt;html&gt; tag, both of \par these have }</rdf:li></rdf:Alt></xmpDM:name></rdf:Description></rdf:li><rdf:li><rdf:Description xmpDM:duration="4133" xmpDM:startTime="84033" tscDM:valign="bottom" tscDM:halign="center"><xmpDM:name><rdf:Alt><rdf:li xml:lang="en-US">{\rtf1 to have a close tag.}</rdf:li></rdf:Alt></xmpDM:name></rdf:Description></rdf:li><rdf:li><rdf:Description xmpDM:duration="233" xmpDM:startTime="88167" tscDM:valign="bottom" tscDM:halign="center"><xmpDM:name><rdf:Alt><rdf:li xml:lang="en-US">{\rtf1 The &lt;title&gt; tag goes inside the head of the \par page.  Whatever text appears between the \par &lt;title&gt; and}</rdf:li></rdf:Alt></xmpDM:name></rdf:Description></rdf:li><rdf:li><rdf:Description xmpDM:duration="3200" xmpDM:startTime="88400" tscDM:valign="bottom" tscDM:halign="center"><xmpDM:name><rdf:Alt><rdf:li xml:lang="en-US">{\rtf1 The &lt;title&gt; tag goes inside the head of the \par page.  Whatever text appears between the \par &lt;title&gt; and}</rdf:li></rdf:Alt></xmpDM:name></rdf:Description></rdf:li><rdf:li><rdf:Description xmpDM:duration="4500" xmpDM:startTime="91600" tscDM:valign="bottom" tscDM:halign="center"><xmpDM:name><rdf:Alt><rdf:li xml:lang="en-US">{\rtf1  &lt;/title&gt; tags is used as the text of the title.}</rdf:li></rdf:Alt></xmpDM:name></rdf:Description></rdf:li><rdf:li><rdf:Description xmpDM:duration="1533" xmpDM:startTime="96100" tscDM:valign="bottom" tscDM:halign="center"><xmpDM:name><rdf:Alt><rdf:li xml:lang="en-US">{\rtf1  &lt;/title&gt; tags is used as the text of the title.}</rdf:li></rdf:Alt></xmpDM:name></rdf:Description></rdf:li><rdf:li><rdf:Description xmpDM:duration="4167" xmpDM:startTime="97633" tscDM:valign="bottom" tscDM:halign="center"><xmpDM:name><rdf:Alt><rdf:li xml:lang="en-US">{\rtf1 The text added to the body is all displayed in \par the main browser window.  This is the}</rdf:li></rdf:Alt></xmpDM:name></rdf:Description></rdf:li><rdf:li><rdf:Description xmpDM:duration="4167" xmpDM:startTime="101800" tscDM:valign="bottom" tscDM:halign="center"><xmpDM:name><rdf:Alt><rdf:li xml:lang="en-US">{\rtf1  basic structure of all HTML pages.}</rdf:li></rdf:Alt></xmpDM:name></rdf:Description></rdf:li><rdf:li><rdf:Description xmpDM:duration="3900" xmpDM:startTime="105967" tscDM:valign="bottom" tscDM:halign="center"><xmpDM:name><rdf:Alt><rdf:li xml:lang="en-US">{\rtf1 When you save your page, save it with a .html \par extension.  This tells the computer and the}</rdf:li></rdf:Alt></xmpDM:name></rdf:Description></rdf:li><rdf:li><rdf:Description xmpDM:duration="3900" xmpDM:startTime="109867" tscDM:valign="bottom" tscDM:halign="center"><xmpDM:name><rdf:Alt><rdf:li xml:lang="en-US">{\rtf1  browser what type of file it is.  You should \par save all of your related content in the}</rdf:li></rdf:Alt></xmpDM:name></rdf:Description></rdf:li><rdf:li><rdf:Description xmpDM:duration="3900" xmpDM:startTime="113767" tscDM:valign="bottom" tscDM:halign="center"><xmpDM:name><rdf:Alt><rdf:li xml:lang="en-US">{\rtf1  same folder so you can reference it easily, \par especially when you are just starting out }</rdf:li></rdf:Alt></xmpDM:name></rdf:Description></rdf:li><rdf:li><rdf:Description xmpDM:duration="3933" xmpDM:startTime="117667" tscDM:valign="bottom" tscDM:halign="center"><xmpDM:name><rdf:Alt><rdf:li xml:lang="en-US">{\rtf1 with HTML.}</rdf:li></rdf:Alt></xmpDM:name></rdf:Description></rdf:li><rdf:li><rdf:Description xmpDM:duration="4400" xmpDM:startTime="121600" tscDM:valign="bottom" tscDM:halign="center"><xmpDM:name><rdf:Alt><rdf:li xml:lang="en-US">{\rtf1 Now we can open this in a browser and see \par the results.  If you need a good browser for }</rdf:li></rdf:Alt></xmpDM:name></rdf:Description></rdf:li><rdf:li><rdf:Description xmpDM:duration="4400" xmpDM:startTime="126000" tscDM:valign="bottom" tscDM:halign="center"><xmpDM:name><rdf:Alt><rdf:li xml:lang="en-US">{\rtf1 testing, I recommend Mozilla Firefox; it is \par available on most devices.  To open a local }</rdf:li></rdf:Alt></xmpDM:name></rdf:Description></rdf:li><rdf:li><rdf:Description xmpDM:duration="4433" xmpDM:startTime="130400" tscDM:valign="bottom" tscDM:halign="center"><xmpDM:name><rdf:Alt><rdf:li xml:lang="en-US">{\rtf1 file, just select the Firefox menu, Open Tab, \par and then Open File.  You can then browse to}</rdf:li></rdf:Alt></xmpDM:name></rdf:Description></rdf:li><rdf:li><rdf:Description xmpDM:duration="4433" xmpDM:startTime="134833" tscDM:valign="bottom" tscDM:halign="center"><xmpDM:name><rdf:Alt><rdf:li xml:lang="en-US">{\rtf1  the file you saved.}</rdf:li></rdf:Alt></xmpDM:name></rdf:Description></rdf:li><rdf:li><rdf:Description xmpDM:duration="4633" xmpDM:startTime="139267" tscDM:valign="bottom" tscDM:halign="center"><xmpDM:name><rdf:Alt><rdf:li xml:lang="en-US">{\rtf1 With the page open in the browser, you can \par see that the &lt;title&gt; tag defines the title}</rdf:li></rdf:Alt></xmpDM:name></rdf:Description></rdf:li><rdf:li><rdf:Description xmpDM:duration="4633" xmpDM:startTime="143900" tscDM:valign="bottom" tscDM:halign="center"><xmpDM:name><rdf:Alt><rdf:li xml:lang="en-US">{\rtf1  of the page and the content of the &lt;body&gt; tag \par displays in the main browser space.  The \par &lt;body&gt;}</rdf:li></rdf:Alt></xmpDM:name></rdf:Description></rdf:li><rdf:li><rdf:Description xmpDM:duration="3533" xmpDM:startTime="148533" tscDM:valign="bottom" tscDM:halign="center"><xmpDM:name><rdf:Alt><rdf:li xml:lang="en-US">{\rtf1  tag is the canvas you will fill with your \par designs!}</rdf:li></rdf:Alt></xmpDM:name></rdf:Description></rdf:li></rdf:Seq>
                     </xmpDM:markers>
                     <tsc:fgColor xmpG:red="255" xmpG:green="255" xmpG:blue="255"/><tsc:bgColor xmpG:red="0" xmpG:green="0" xmpG:blue="0"/></rdf:Description>
               </rdf:li>
               <rdf:li>
                  <rdf:Description xmpDM:trackType="ScreenText" xmpDM:frameRate="f1000" xmpDM:trackName="Screen Text">
                     <xmpDM:markers>
                        <rdf:Seq>
                           <rdf:li><rdf:Description xmpDM:name="Welcome!" xmpDM:startTime="33" xmpDM:duration="1000"/></rdf:li><rdf:li><rdf:Description xmpDM:name="In" xmpDM:startTime="33" xmpDM:duration="1000"/></rdf:li><rdf:li><rdf:Description xmpDM:name="this" xmpDM:startTime="33" xmpDM:duration="1000"/></rdf:li><rdf:li><rdf:Description xmpDM:name="video," xmpDM:startTime="33" xmpDM:duration="1000"/></rdf:li><rdf:li><rdf:Description xmpDM:name="you" xmpDM:startTime="33" xmpDM:duration="1000"/></rdf:li><rdf:li><rdf:Description xmpDM:name="will" xmpDM:startTime="33" xmpDM:duration="1000"/></rdf:li><rdf:li><rdf:Description xmpDM:name="learn:" xmpDM:startTime="33" xmpDM:duration="1000"/></rdf:li><rdf:li><rdf:Description xmpDM:name="How" xmpDM:startTime="33" xmpDM:duration="1000"/></rdf:li><rdf:li><rdf:Description xmpDM:name="to" xmpDM:startTime="33" xmpDM:duration="1000"/></rdf:li><rdf:li><rdf:Description xmpDM:name="create" xmpDM:startTime="33" xmpDM:duration="1000"/></rdf:li><rdf:li><rdf:Description xmpDM:name="an" xmpDM:startTime="33" xmpDM:duration="1000"/></rdf:li><rdf:li><rdf:Description xmpDM:name="HTML" xmpDM:startTime="33" xmpDM:duration="1000"/></rdf:li><rdf:li><rdf:Description xmpDM:name="page" xmpDM:startTime="33" xmpDM:duration="1000"/></rdf:li><rdf:li><rdf:Description xmpDM:name="How" xmpDM:startTime="33" xmpDM:duration="1000"/></rdf:li><rdf:li><rdf:Description xmpDM:name="parts" xmpDM:startTime="33" xmpDM:duration="1000"/></rdf:li><rdf:li><rdf:Description xmpDM:name="of" xmpDM:startTime="33" xmpDM:duration="1000"/></rdf:li><rdf:li><rdf:Description xmpDM:name="the" xmpDM:startTime="33" xmpDM:duration="1000"/></rdf:li><rdf:li><rdf:Description xmpDM:name="HTML" xmpDM:startTime="33" xmpDM:duration="1000"/></rdf:li><rdf:li><rdf:Description xmpDM:name="page" xmpDM:startTime="8649" xmpDM:duration="1000"/></rdf:li><rdf:li><rdf:Description xmpDM:name="relate" xmpDM:startTime="8649" xmpDM:duration="1000"/></rdf:li><rdf:li><rdf:Description xmpDM:name="to" xmpDM:startTime="8649" xmpDM:duration="1000"/></rdf:li><rdf:li><rdf:Description xmpDM:name="the" xmpDM:startTime="8649" xmpDM:duration="1000"/></rdf:li><rdf:li><rdf:Description xmpDM:name="display" xmpDM:startTime="8649" xmpDM:duration="1000"/></rdf:li><rdf:li><rdf:Description xmpDM:name="in" xmpDM:startTime="8649" xmpDM:duration="1000"/></rdf:li><rdf:li><rdf:Description xmpDM:name="a" xmpDM:startTime="8649" xmpDM:duration="1000"/></rdf:li><rdf:li><rdf:Description xmpDM:name="Web" xmpDM:startTime="8649" xmpDM:duration="1000"/></rdf:li><rdf:li><rdf:Description xmpDM:name="browser" xmpDM:startTime="8649" xmpDM:duration="1000"/></rdf:li><rdf:li><rdf:Description xmpDM:name="Notepad++" xmpDM:startTime="17266" xmpDM:duration="1000"/></rdf:li><rdf:li><rdf:Description xmpDM:name="is" xmpDM:startTime="17266" xmpDM:duration="1000"/></rdf:li><rdf:li><rdf:Description xmpDM:name="available" xmpDM:startTime="17266" xmpDM:duration="1000"/></rdf:li><rdf:li><rdf:Description xmpDM:name="for" xmpDM:startTime="17266" xmpDM:duration="1000"/></rdf:li><rdf:li><rdf:Description xmpDM:name="free" xmpDM:startTime="17266" xmpDM:duration="1000"/></rdf:li><rdf:li><rdf:Description xmpDM:name="at" xmpDM:startTime="17266" xmpDM:duration="1000"/></rdf:li><rdf:li><rdf:Description xmpDM:name="http://notepad-plus-plus.org" xmpDM:startTime="17266" xmpDM:duration="1000"/></rdf:li><rdf:li><rdf:Description xmpDM:name="&lt;!DOCTYPE" xmpDM:startTime="51434" xmpDM:duration="1000"/></rdf:li><rdf:li><rdf:Description xmpDM:name="html&gt;" xmpDM:startTime="51434" xmpDM:duration="1000"/></rdf:li><rdf:li><rdf:Description xmpDM:name="&lt;html&gt;" xmpDM:startTime="51434" xmpDM:duration="1000"/></rdf:li><rdf:li><rdf:Description xmpDM:name="&lt;/html&gt;" xmpDM:startTime="51434" xmpDM:duration="1000"/></rdf:li><rdf:li><rdf:Description xmpDM:name="&lt;!DOCTYPE" xmpDM:startTime="71634" xmpDM:duration="1000"/></rdf:li><rdf:li><rdf:Description xmpDM:name="html&gt;" xmpDM:startTime="71634" xmpDM:duration="1000"/></rdf:li><rdf:li><rdf:Description xmpDM:name="&lt;html&gt;" xmpDM:startTime="71634" xmpDM:duration="1000"/></rdf:li><rdf:li><rdf:Description xmpDM:name="&lt;head&gt;" xmpDM:startTime="71634" xmpDM:duration="1000"/></rdf:li><rdf:li><rdf:Description xmpDM:name="&lt;/head&gt;" xmpDM:startTime="71634" xmpDM:duration="1000"/></rdf:li><rdf:li><rdf:Description xmpDM:name="&lt;body&gt;" xmpDM:startTime="71634" xmpDM:duration="1000"/></rdf:li><rdf:li><rdf:Description xmpDM:name="&lt;/body&gt;" xmpDM:startTime="71634" xmpDM:duration="1000"/></rdf:li><rdf:li><rdf:Description xmpDM:name="&lt;/html&gt;" xmpDM:startTime="71634" xmpDM:duration="1000"/></rdf:li><rdf:li><rdf:Description xmpDM:name="&lt;/html&gt;" xmpDM:startTime="88916" xmpDM:duration="1000"/></rdf:li><rdf:li><rdf:Description xmpDM:name="&lt;!DOCTYPE" xmpDM:startTime="97633" xmpDM:duration="1000"/></rdf:li><rdf:li><rdf:Description xmpDM:name="html&gt;" xmpDM:startTime="97633" xmpDM:duration="1000"/></rdf:li><rdf:li><rdf:Description xmpDM:name="&lt;html&gt;" xmpDM:startTime="97633" xmpDM:duration="1000"/></rdf:li><rdf:li><rdf:Description xmpDM:name="&lt;head&gt;" xmpDM:startTime="97633" xmpDM:duration="1000"/></rdf:li><rdf:li><rdf:Description xmpDM:name="&lt;title&gt;My" xmpDM:startTime="97633" xmpDM:duration="1000"/></rdf:li><rdf:li><rdf:Description xmpDM:name="First" xmpDM:startTime="97633" xmpDM:duration="1000"/></rdf:li><rdf:li><rdf:Description xmpDM:name="Page&lt;/title&gt;" xmpDM:startTime="97633" xmpDM:duration="1000"/></rdf:li><rdf:li><rdf:Description xmpDM:name="&lt;/head&gt;" xmpDM:startTime="97633" xmpDM:duration="1000"/></rdf:li><rdf:li><rdf:Description xmpDM:name="&lt;body&gt;" xmpDM:startTime="97633" xmpDM:duration="1000"/></rdf:li><rdf:li><rdf:Description xmpDM:name="Hello," xmpDM:startTime="97633" xmpDM:duration="1000"/></rdf:li><rdf:li><rdf:Description xmpDM:name="World!" xmpDM:startTime="97633" xmpDM:duration="1000"/></rdf:li><rdf:li><rdf:Description xmpDM:name="&lt;/body&gt;" xmpDM:startTime="101799" xmpDM:duration="1000"/></rdf:li><rdf:li><rdf:Description xmpDM:name="&lt;/html&gt;" xmpDM:startTime="101799" xmpDM:duration="1000"/></rdf:li><rdf:li><rdf:Description xmpDM:name="Mozilla" xmpDM:startTime="121599" xmpDM:duration="1000"/></rdf:li><rdf:li><rdf:Description xmpDM:name="Firefox" xmpDM:startTime="121599" xmpDM:duration="1000"/></rdf:li><rdf:li><rdf:Description xmpDM:name="is" xmpDM:startTime="121599" xmpDM:duration="1000"/></rdf:li><rdf:li><rdf:Description xmpDM:name="available" xmpDM:startTime="121599" xmpDM:duration="1000"/></rdf:li><rdf:li><rdf:Description xmpDM:name="for" xmpDM:startTime="121599" xmpDM:duration="1000"/></rdf:li><rdf:li><rdf:Description xmpDM:name="free" xmpDM:startTime="121599" xmpDM:duration="1000"/></rdf:li><rdf:li><rdf:Description xmpDM:name="at" xmpDM:startTime="121599" xmpDM:duration="1000"/></rdf:li><rdf:li><rdf:Description xmpDM:name="http://www.mozilla.org/en-US/fi" xmpDM:startTime="121599" xmpDM:duration="1000"/></rdf:li><rdf:li><rdf:Description xmpDM:name="refox/new/" xmpDM:startTime="130432" xmpDM:duration="1000"/></rdf:li><rdf:li><rdf:Description xmpDM:name="&lt;!DOCTYPE" xmpDM:startTime="139266" xmpDM:duration="1000"/></rdf:li><rdf:li><rdf:Description xmpDM:name="html&gt;" xmpDM:startTime="139266" xmpDM:duration="1000"/></rdf:li><rdf:li><rdf:Description xmpDM:name="&lt;html&gt;" xmpDM:startTime="139266" xmpDM:duration="1000"/></rdf:li><rdf:li><rdf:Description xmpDM:name="&lt;head&gt;" xmpDM:startTime="139266" xmpDM:duration="1000"/></rdf:li><rdf:li><rdf:Description xmpDM:name="&lt;title&gt;My" xmpDM:startTime="139266" xmpDM:duration="1000"/></rdf:li><rdf:li><rdf:Description xmpDM:name="First" xmpDM:startTime="139266" xmpDM:duration="1000"/></rdf:li><rdf:li><rdf:Description xmpDM:name="Page&lt;/title&gt;" xmpDM:startTime="139266" xmpDM:duration="1000"/></rdf:li><rdf:li><rdf:Description xmpDM:name="&lt;/head&gt;" xmpDM:startTime="139266" xmpDM:duration="1000"/></rdf:li><rdf:li><rdf:Description xmpDM:name="&lt;body&gt;" xmpDM:startTime="139266" xmpDM:duration="1000"/></rdf:li><rdf:li><rdf:Description xmpDM:name="Hello," xmpDM:startTime="146216" xmpDM:duration="1000"/></rdf:li><rdf:li><rdf:Description xmpDM:name="World!" xmpDM:startTime="146216" xmpDM:duration="1000"/></rdf:li><rdf:li><rdf:Description xmpDM:name="&lt;/body&gt;" xmpDM:startTime="146216" xmpDM:duration="1000"/></rdf:li><rdf:li><rdf:Description xmpDM:name="&lt;/html&gt;" xmpDM:startTime="146216" xmpDM:duration="1000"/></rdf:li></rdf:Seq>
                     </xmpDM:markers>
                  </rdf:Description>
               </rdf:li>
               <rdf:li>
                  <rdf:Description xmpDM:trackType="TableOfContents" xmpDM:frameRate="f1000" xmpDM:trackName="Table of Contents">
                     <xmpDM:markers>
                        <rdf:Seq>
                           <rdf:li><rdf:Description xmpDM:name="Welcome!" xmpDM:startTime="0" tscDM:image="WD_Video_1_1_Thumbnails.png" tscDM:imageindex="0" tscDM:imageoffset="0" tscDM:imagerect="0, 0, 75, 46"/></rdf:li><rdf:li><rdf:Description xmpDM:name="Notepad++ is available for free at http://notepad-plus-plus.org" xmpDM:startTime="17233" tscDM:image="WD_Video_1_1_Thumbnails.png" tscDM:imageindex="1" tscDM:imageoffset="0" tscDM:imagerect="75, 0, 75, 46"/></rdf:li><rdf:li><rdf:Description xmpDM:name="&lt;!DOCTYPE html&gt; &lt;html&gt;       &lt;/html&gt;" xmpDM:startTime="51433" tscDM:image="WD_Video_1_1_Thumbnails.png" tscDM:imageindex="2" tscDM:imageoffset="0" tscDM:imagerect="150, 0, 75, 46"/></rdf:li><rdf:li><rdf:Description xmpDM:name="Slide 6" xmpDM:startTime="71633" tscDM:image="WD_Video_1_1_Thumbnails.png" tscDM:imageindex="3" tscDM:imageoffset="0" tscDM:imagerect="225, 0, 75, 46"/></rdf:li><rdf:li><rdf:Description xmpDM:name="&lt;!DOCTYPE html&gt; &lt;html&gt;  &lt;head&gt;   &lt;title&gt;My First Page&lt;/title&gt;  &lt;/head&gt;  &lt;body&gt;   Hello, World!  &lt;/body&gt; &lt;/html&gt;" xmpDM:startTime="97633" tscDM:image="WD_Video_1_1_Thumbnails.png" tscDM:imageindex="4" tscDM:imageoffset="0" tscDM:imagerect="300, 0, 75, 46"/></rdf:li><rdf:li><rdf:Description xmpDM:name="Slide 9" xmpDM:startTime="105933" tscDM:image="WD_Video_1_1_Thumbnails.png" tscDM:imageindex="5" tscDM:imageoffset="0" tscDM:imagerect="375, 0, 75, 46"/></rdf:li><rdf:li><rdf:Description xmpDM:name="Mozilla Firefox is available for free at http://www.mozilla.org/en-US/firefox/new/" xmpDM:startTime="121567" tscDM:image="WD_Video_1_1_Thumbnails.png" tscDM:imageindex="6" tscDM:imageoffset="0" tscDM:imagerect="450, 0, 75, 46"/></rdf:li><rdf:li><rdf:Description xmpDM:name="&lt;!DOCTYPE html&gt; &lt;html&gt;  &lt;head&gt;   &lt;title&gt;My First Page&lt;/title&gt;  &lt;/head&gt;  &lt;body&gt;   Hello, World!  &lt;/body&gt; &lt;/html&gt;" xmpDM:startTime="139233" tscDM:image="WD_Video_1_1_Thumbnails.png" tscDM:imageindex="7" tscDM:imageoffset="0" tscDM:imagerect="525, 0, 75, 46"/></rdf:li></rdf:Seq>
                     </xmpDM:markers>
                  </rdf:Description>
               </rdf:li>
            </rdf:Bag>
         </xmpDM:Tracks>
         <tscDM:controller>
            <rdf:Description xmpDM:name="tscplayer">
               <tscDM:parameters>
                  <rdf:Bag>
                     <rdf:li xmpDM:name="autohide" xmpDM:value="true"/><rdf:li xmpDM:name="autoplay" xmpDM:value="false"/><rdf:li xmpDM:name="loop" xmpDM:value="false"/><rdf:li xmpDM:name="searchable" xmpDM:value="true"/><rdf:li xmpDM:name="captionsenabled" xmpDM:value="false"/><rdf:li xmpDM:name="sidebarenabled" xmpDM:value="false"/><rdf:li xmpDM:name="unicodeenabled" xmpDM:value="false"/><rdf:li xmpDM:name="backgroundcolor" xmpDM:value="000000"/><rdf:li xmpDM:name="sidebarlocation" xmpDM:value="left"/><rdf:li xmpDM:name="endaction" xmpDM:value="stop"/><rdf:li xmpDM:name="endactionparam" xmpDM:value="true"/></rdf:Bag>
               </tscDM:parameters>
               <tscDM:controllerText>
                  <rdf:Bag>
                     <rdf:li><rdf:Description xmp:label="searchText"><tscDM:localizedText><rdf:Alt><rdf:li xml:lang="en-US">Search</rdf:li></rdf:Alt></tscDM:localizedText></rdf:Description></rdf:li><rdf:li><rdf:Description xmp:label="resultText"><tscDM:localizedText><rdf:Alt><rdf:li xml:lang="en-US">Results Found</rdf:li></rdf:Alt></tscDM:localizedText></rdf:Description></rdf:li><rdf:li><rdf:Description xmp:label="searchFullscreenText"><tscDM:localizedText><rdf:Alt><rdf:li xml:lang="en-US">Search disabled in full screen mode</rdf:li></rdf:Alt></tscDM:localizedText></rdf:Description></rdf:li><rdf:li><rdf:Description xmp:label="replayButtonText"><tscDM:localizedText><rdf:Alt><rdf:li xml:lang="en-US">Replay</rdf:li></rdf:Alt></tscDM:localizedText></rdf:Description></rdf:li><rdf:li><rdf:Description xmp:label="localSecurityError"><tscDM:localizedText><rdf:Alt><rdf:li xml:lang="en-US">Certain features in your video are currently disabled due to Local Network Security. These features work correctly when the video is played from a Website or Server.</rdf:li></rdf:Alt></tscDM:localizedText></rdf:Description></rdf:li></rdf:Bag>
               </tscDM:controllerText>
            </rdf:Description>
         </tscDM:controller>
         <tscDM:contentList>
            <rdf:Description>
               <tscDM:files>
                  <rdf:Seq>
                     <rdf:li xmpDM:name="0" xmpDM:value="WD_Video_1_1.mp4"/><rdf:li xmpDM:name="1" xmpDM:value="WD_Video_1_1_First_Frame.png"/><rdf:li xmpDM:name="2" xmpDM:value="WD_Video_1_1_Thumbnails.png"/></rdf:Seq>
               </tscDM:files>
            </rdf:Description>
         </tscDM:contentList>
      </rdf:Description>
   </rdf:RDF>
</x:xmpmeta>