<x:xmpmeta xmlns:x="adobe:ns:meta/">
   <rdf:RDF xmlns:rdf="http://www.w3.org/1999/02/22-rdf-syntax-ns#" xmlns:xmp="http://ns.adobe.com/xap/1.0/" xmlns:xmpDM="http://ns.adobe.com/xmp/1.0/DynamicMedia/" xmlns:xmpG="http://ns.adobe.com/xap/1.0/g/" xmlns:tsc="http://www.techsmith.com/xmp/tsc/" xmlns:xmpMM="http://ns.adobe.com/xap/1.0/mm/" xmlns:tscDM="http://www.techsmith.com/xmp/tscDM/" xmlns:tscIQ="http://www.techsmith.com/xmp/tscIQ/" xmlns:tscHS="http://www.techsmith.com/xmp/tscHS/" xmlns:stDim="http://ns.adobe.com/xap/1.0/sType/Dimensions#" xmlns:stFnt="http://ns.adobe.com/xap/1.0/sType/Font#" xmlns:exif="http://ns.adobe.com/exif/1.0" xmlns:dc="http://purl.org/dc/elements/1.1/">
      <rdf:Description tsc:version="2.0.0" dc:date="2013-03-20 05:08:19 AM" dc:source="Camtasia Studio,8.0.0,enu" dc:title="WD_Video_4_1" tscDM:firstFrame="WD_Video_4_1_First_Frame.png" tscDM:originId="D3D1D603-2E98-4FEB-B501-27921485C818" tscDM:project="WD_Video_4_1">
         <xmpDM:duration xmpDM:scale="1/1000" xmpDM:value="108600"/>
         <xmpDM:videoFrameSize stDim:unit="pixel" stDim:h="480" stDim:w="768"/>
         <tsc:langName>
            <rdf:Bag>
               <rdf:li xml:lang="en-US">English</rdf:li></rdf:Bag>
         </tsc:langName>
         <xmpDM:Tracks>
            <rdf:Bag>
               <rdf:li>
                  <rdf:Description xmpDM:trackType="Caption" xmpDM:frameRate="f1000" xmpDM:trackName="Captioning" stFnt:fontFamily="Arial" tscDM:fontSize="24" tscDM:bgOpacity="0.500000">
                     <xmpDM:markers>
                        <rdf:Seq>
                           <rdf:li><rdf:Description xmpDM:duration="5333" xmpDM:startTime="1900" tscDM:valign="bottom" tscDM:halign="center"><xmpDM:name><rdf:Alt><rdf:li xml:lang="en-US">{\rtf1 Hello everyone and welcome to Chapter 4! My \par name is Dr. Theodor Richardson and I will}</rdf:li></rdf:Alt></xmpDM:name></rdf:Description></rdf:li><rdf:li><rdf:Description xmpDM:duration="5367" xmpDM:startTime="7233" tscDM:valign="bottom" tscDM:halign="center"><xmpDM:name><rdf:Alt><rdf:li xml:lang="en-US">{\rtf1  be guiding you through some vital steps in \par creating a multimedia Web site. In this}</rdf:li></rdf:Alt></xmpDM:name></rdf:Description></rdf:li><rdf:li><rdf:Description xmpDM:duration="5367" xmpDM:startTime="12600" tscDM:valign="bottom" tscDM:halign="center"><xmpDM:name><rdf:Alt><rdf:li xml:lang="en-US">{\rtf1  video, you will learn how style commands \par work in CSS and how to apply them to tags in \par HTML.}</rdf:li></rdf:Alt></xmpDM:name></rdf:Description></rdf:li><rdf:li><rdf:Description xmpDM:duration="4533" xmpDM:startTime="17967" tscDM:valign="bottom" tscDM:halign="center"><xmpDM:name><rdf:Alt><rdf:li xml:lang="en-US">{\rtf1 All style commands follow the same format of \par property: value; - getting the punctuation}</rdf:li></rdf:Alt></xmpDM:name></rdf:Description></rdf:li><rdf:li><rdf:Description xmpDM:duration="4567" xmpDM:startTime="22500" tscDM:valign="bottom" tscDM:halign="center"><xmpDM:name><rdf:Alt><rdf:li xml:lang="en-US">{\rtf1  correct is essential for the style command to \par work.}</rdf:li></rdf:Alt></xmpDM:name></rdf:Description></rdf:li><rdf:li><rdf:Description xmpDM:duration="5233" xmpDM:startTime="27067" tscDM:valign="bottom" tscDM:halign="center"><xmpDM:name><rdf:Alt><rdf:li xml:lang="en-US">{\rtf1 An example of this is used to apply color.  The \par color command affects the foreground color of}</rdf:li></rdf:Alt></xmpDM:name></rdf:Description></rdf:li><rdf:li><rdf:Description xmpDM:duration="4733" xmpDM:startTime="32300" tscDM:valign="bottom" tscDM:halign="center"><xmpDM:name><rdf:Alt><rdf:li xml:lang="en-US">{\rtf1  the element, such as the color of the text.  If \par we have the property color with the value}</rdf:li></rdf:Alt></xmpDM:name></rdf:Description></rdf:li><rdf:li><rdf:Description xmpDM:duration="4833" xmpDM:startTime="37033" tscDM:valign="bottom" tscDM:halign="center"><xmpDM:name><rdf:Alt><rdf:li xml:lang="en-US">{\rtf1  “blue” then all of the text within the affected \par tag will be blue.}</rdf:li></rdf:Alt></xmpDM:name></rdf:Description></rdf:li><rdf:li><rdf:Description xmpDM:duration="5867" xmpDM:startTime="41867" tscDM:valign="bottom" tscDM:halign="center"><xmpDM:name><rdf:Alt><rdf:li xml:lang="en-US">{\rtf1 To apply our style, we can use the style \par attribute within HTML.  This attribute can be}</rdf:li></rdf:Alt></xmpDM:name></rdf:Description></rdf:li><rdf:li><rdf:Description xmpDM:duration="5867" xmpDM:startTime="47733" tscDM:valign="bottom" tscDM:halign="center"><xmpDM:name><rdf:Alt><rdf:li xml:lang="en-US">{\rtf1  applied to any tag.  The example here shows \par the style applied to a &lt;div&gt; tag.}</rdf:li></rdf:Alt></xmpDM:name></rdf:Description></rdf:li><rdf:li><rdf:Description xmpDM:duration="633" xmpDM:startTime="53600" tscDM:valign="bottom" tscDM:halign="center"><xmpDM:name><rdf:Alt><rdf:li xml:lang="en-US">{\rtf1 Multiple styles can be chained together to \par apply complex commands.  In the example \par here,}</rdf:li></rdf:Alt></xmpDM:name></rdf:Description></rdf:li><rdf:li><rdf:Description xmpDM:duration="2967" xmpDM:startTime="54233" tscDM:valign="bottom" tscDM:halign="center"><xmpDM:name><rdf:Alt><rdf:li xml:lang="en-US">{\rtf1 Multiple styles can be chained together to \par apply complex commands.  In the example \par here,}</rdf:li></rdf:Alt></xmpDM:name></rdf:Description></rdf:li><rdf:li><rdf:Description xmpDM:duration="4633" xmpDM:startTime="57200" tscDM:valign="bottom" tscDM:halign="center"><xmpDM:name><rdf:Alt><rdf:li xml:lang="en-US">{\rtf1  the new property is font-size with a value of \par “10pt” – some of the property values specify }</rdf:li></rdf:Alt></xmpDM:name></rdf:Description></rdf:li><rdf:li><rdf:Description xmpDM:duration="4633" xmpDM:startTime="61833" tscDM:valign="bottom" tscDM:halign="center"><xmpDM:name><rdf:Alt><rdf:li xml:lang="en-US">{\rtf1 units.  For a font, you can choose between \par points (pt), pixels (px), elastic}</rdf:li></rdf:Alt></xmpDM:name></rdf:Description></rdf:li><rdf:li><rdf:Description xmpDM:duration="4667" xmpDM:startTime="66467" tscDM:valign="bottom" tscDM:halign="center"><xmpDM:name><rdf:Alt><rdf:li xml:lang="en-US">{\rtf1  measurements (em), or even percentages \par (%).}</rdf:li></rdf:Alt></xmpDM:name></rdf:Description></rdf:li><rdf:li><rdf:Description xmpDM:duration="2033" xmpDM:startTime="71133" tscDM:valign="bottom" tscDM:halign="center"><xmpDM:name><rdf:Alt><rdf:li xml:lang="en-US">{\rtf1 As you can see, there is no limit on the \par number of commands that can be chained \par together.  }</rdf:li></rdf:Alt></xmpDM:name></rdf:Description></rdf:li><rdf:li><rdf:Description xmpDM:duration="4300" xmpDM:startTime="73167" tscDM:valign="bottom" tscDM:halign="center"><xmpDM:name><rdf:Alt><rdf:li xml:lang="en-US">{\rtf1 Some commands, like font-family, can accept \par a list of values separated by commas.  In this}</rdf:li></rdf:Alt></xmpDM:name></rdf:Description></rdf:li><rdf:li><rdf:Description xmpDM:duration="4333" xmpDM:startTime="77467" tscDM:valign="bottom" tscDM:halign="center"><xmpDM:name><rdf:Alt><rdf:li xml:lang="en-US">{\rtf1  case, if the first element in the list is not \par available, it moves to the second and on down}</rdf:li></rdf:Alt></xmpDM:name></rdf:Description></rdf:li><rdf:li><rdf:Description xmpDM:duration="4333" xmpDM:startTime="81800" tscDM:valign="bottom" tscDM:halign="center"><xmpDM:name><rdf:Alt><rdf:li xml:lang="en-US">{\rtf1  the line.}</rdf:li></rdf:Alt></xmpDM:name></rdf:Description></rdf:li><rdf:li><rdf:Description xmpDM:duration="5967" xmpDM:startTime="86133" tscDM:valign="bottom" tscDM:halign="center"><xmpDM:name><rdf:Alt><rdf:li xml:lang="en-US">{\rtf1 CSS commands allow you to modify the \par appearance, placement, and layering of \par objects on your}</rdf:li></rdf:Alt></xmpDM:name></rdf:Description></rdf:li><rdf:li><rdf:Description xmpDM:duration="3133" xmpDM:startTime="92100" tscDM:valign="bottom" tscDM:halign="center"><xmpDM:name><rdf:Alt><rdf:li xml:lang="en-US">{\rtf1  page.  Some of the most common ones are \par listed here for modifying the basic display of }</rdf:li></rdf:Alt></xmpDM:name></rdf:Description></rdf:li><rdf:li><rdf:Description xmpDM:duration="2333" xmpDM:startTime="95233" tscDM:valign="bottom" tscDM:halign="center"><xmpDM:name><rdf:Alt><rdf:li xml:lang="en-US">{\rtf1  page.  Some of the most common ones are \par listed here for modifying the basic display of }</rdf:li></rdf:Alt></xmpDM:name></rdf:Description></rdf:li><rdf:li><rdf:Description xmpDM:duration="5933" xmpDM:startTime="97567" tscDM:valign="bottom" tscDM:halign="center"><xmpDM:name><rdf:Alt><rdf:li xml:lang="en-US">{\rtf1 text, adding background colors, and changing \par the position of the element.  The best resource \par for}</rdf:li></rdf:Alt></xmpDM:name></rdf:Description></rdf:li><rdf:li><rdf:Description xmpDM:duration="5100" xmpDM:startTime="103500" tscDM:valign="bottom" tscDM:halign="center"><xmpDM:name><rdf:Alt><rdf:li xml:lang="en-US">{\rtf1  the list of all CSS commands and the values \par they accept is }</rdf:li></rdf:Alt></xmpDM:name></rdf:Description></rdf:li></rdf:Seq>
                     </xmpDM:markers>
                     <tsc:fgColor xmpG:red="255" xmpG:green="255" xmpG:blue="255"/><tsc:bgColor xmpG:red="0" xmpG:green="0" xmpG:blue="0"/></rdf:Description>
               </rdf:li>
               <rdf:li>
                  <rdf:Description xmpDM:trackType="ScreenText" xmpDM:frameRate="f1000" xmpDM:trackName="Screen Text">
                     <xmpDM:markers>
                        <rdf:Seq>
                           <rdf:li><rdf:Description xmpDM:name="Welcome!" xmpDM:startTime="1900" xmpDM:duration="1000"/></rdf:li><rdf:li><rdf:Description xmpDM:name="In" xmpDM:startTime="1900" xmpDM:duration="1000"/></rdf:li><rdf:li><rdf:Description xmpDM:name="this" xmpDM:startTime="1900" xmpDM:duration="1000"/></rdf:li><rdf:li><rdf:Description xmpDM:name="video," xmpDM:startTime="1900" xmpDM:duration="1000"/></rdf:li><rdf:li><rdf:Description xmpDM:name="you" xmpDM:startTime="1900" xmpDM:duration="1000"/></rdf:li><rdf:li><rdf:Description xmpDM:name="will" xmpDM:startTime="1900" xmpDM:duration="1000"/></rdf:li><rdf:li><rdf:Description xmpDM:name="learn" xmpDM:startTime="1900" xmpDM:duration="1000"/></rdf:li><rdf:li><rdf:Description xmpDM:name="how" xmpDM:startTime="1900" xmpDM:duration="1000"/></rdf:li><rdf:li><rdf:Description xmpDM:name="style" xmpDM:startTime="1900" xmpDM:duration="1000"/></rdf:li><rdf:li><rdf:Description xmpDM:name="commands" xmpDM:startTime="1900" xmpDM:duration="1000"/></rdf:li><rdf:li><rdf:Description xmpDM:name="work" xmpDM:startTime="1900" xmpDM:duration="1000"/></rdf:li><rdf:li><rdf:Description xmpDM:name="in" xmpDM:startTime="1900" xmpDM:duration="1000"/></rdf:li><rdf:li><rdf:Description xmpDM:name="CSS" xmpDM:startTime="1900" xmpDM:duration="1000"/></rdf:li><rdf:li><rdf:Description xmpDM:name="property:" xmpDM:startTime="17966" xmpDM:duration="1000"/></rdf:li><rdf:li><rdf:Description xmpDM:name="value;" xmpDM:startTime="17966" xmpDM:duration="1000"/></rdf:li><rdf:li><rdf:Description xmpDM:name="color:" xmpDM:startTime="27067" xmpDM:duration="1000"/></rdf:li><rdf:li><rdf:Description xmpDM:name="blue;" xmpDM:startTime="27067" xmpDM:duration="1000"/></rdf:li><rdf:li><rdf:Description xmpDM:name="&lt;div" xmpDM:startTime="41867" xmpDM:duration="1000"/></rdf:li><rdf:li><rdf:Description xmpDM:name="style=&quot;color:" xmpDM:startTime="41867" xmpDM:duration="1000"/></rdf:li><rdf:li><rdf:Description xmpDM:name="blue;&quot;&gt;" xmpDM:startTime="41867" xmpDM:duration="1000"/></rdf:li><rdf:li><rdf:Description xmpDM:name="&lt;div" xmpDM:startTime="53600" xmpDM:duration="1000"/></rdf:li><rdf:li><rdf:Description xmpDM:name="style=&quot;color:" xmpDM:startTime="53600" xmpDM:duration="1000"/></rdf:li><rdf:li><rdf:Description xmpDM:name="blue;" xmpDM:startTime="53600" xmpDM:duration="1000"/></rdf:li><rdf:li><rdf:Description xmpDM:name="font-size:" xmpDM:startTime="53600" xmpDM:duration="1000"/></rdf:li><rdf:li><rdf:Description xmpDM:name="10pt;&quot;&gt;" xmpDM:startTime="53600" xmpDM:duration="1000"/></rdf:li><rdf:li><rdf:Description xmpDM:name="underline;" xmpDM:startTime="77500" xmpDM:duration="1000"/></rdf:li><rdf:li><rdf:Description xmpDM:name="font-family:" xmpDM:startTime="77500" xmpDM:duration="1000"/></rdf:li><rdf:li><rdf:Description xmpDM:name="Arial," xmpDM:startTime="77500" xmpDM:duration="1000"/></rdf:li><rdf:li><rdf:Description xmpDM:name="Helvetica," xmpDM:startTime="77500" xmpDM:duration="1000"/></rdf:li><rdf:li><rdf:Description xmpDM:name="sans-serif;&quot;&gt;" xmpDM:startTime="77500" xmpDM:duration="1000"/></rdf:li><rdf:li><rdf:Description xmpDM:name="border" xmpDM:startTime="86134" xmpDM:duration="1000"/></rdf:li><rdf:li><rdf:Description xmpDM:name="color" xmpDM:startTime="86134" xmpDM:duration="1000"/></rdf:li><rdf:li><rdf:Description xmpDM:name="background-color" xmpDM:startTime="86134" xmpDM:duration="1000"/></rdf:li><rdf:li><rdf:Description xmpDM:name="margin" xmpDM:startTime="86134" xmpDM:duration="1000"/></rdf:li><rdf:li><rdf:Description xmpDM:name="text-decoration" xmpDM:startTime="86134" xmpDM:duration="1000"/></rdf:li><rdf:li><rdf:Description xmpDM:name="font-size" xmpDM:startTime="86134" xmpDM:duration="1000"/></rdf:li><rdf:li><rdf:Description xmpDM:name="font-weight" xmpDM:startTime="86134" xmpDM:duration="1000"/></rdf:li><rdf:li><rdf:Description xmpDM:name="font-family" xmpDM:startTime="94089" xmpDM:duration="1000"/></rdf:li><rdf:li><rdf:Description xmpDM:name="position" xmpDM:startTime="94089" xmpDM:duration="1000"/></rdf:li><rdf:li><rdf:Description xmpDM:name="top" xmpDM:startTime="94089" xmpDM:duration="1000"/></rdf:li><rdf:li><rdf:Description xmpDM:name="left" xmpDM:startTime="94089" xmpDM:duration="1000"/></rdf:li><rdf:li><rdf:Description xmpDM:name="Z-index" xmpDM:startTime="94089" xmpDM:duration="1000"/></rdf:li><rdf:li><rdf:Description xmpDM:name="Visit" xmpDM:startTime="94089" xmpDM:duration="1000"/></rdf:li><rdf:li><rdf:Description xmpDM:name="the" xmpDM:startTime="94089" xmpDM:duration="1000"/></rdf:li><rdf:li><rdf:Description xmpDM:name="CSS" xmpDM:startTime="94089" xmpDM:duration="1000"/></rdf:li><rdf:li><rdf:Description xmpDM:name="tutorial" xmpDM:startTime="94089" xmpDM:duration="1000"/></rdf:li><rdf:li><rdf:Description xmpDM:name="pages" xmpDM:startTime="94089" xmpDM:duration="1000"/></rdf:li><rdf:li><rdf:Description xmpDM:name="at" xmpDM:startTime="94089" xmpDM:duration="1000"/></rdf:li><rdf:li><rdf:Description xmpDM:name="http://www.w3schools.com/css/" xmpDM:startTime="101544" xmpDM:duration="1000"/></rdf:li></rdf:Seq>
                     </xmpDM:markers>
                  </rdf:Description>
               </rdf:li>
               <rdf:li>
                  <rdf:Description xmpDM:trackType="TableOfContents" xmpDM:frameRate="f1000" xmpDM:trackName="Table of Contents">
                     <xmpDM:markers>
                        <rdf:Seq>
                           <rdf:li><rdf:Description xmpDM:name="Slide 1" xmpDM:startTime="0" tscDM:image="WD_Video_4_1_Thumbnails.png" tscDM:imageindex="0" tscDM:imageoffset="0" tscDM:imagerect="0, 0, 75, 46"/></rdf:li><rdf:li><rdf:Description xmpDM:name="Welcome!" xmpDM:startTime="1900" tscDM:image="WD_Video_4_1_Thumbnails.png" tscDM:imageindex="1" tscDM:imageoffset="0" tscDM:imagerect="75, 0, 75, 46"/></rdf:li><rdf:li><rdf:Description xmpDM:name="Slide 3" xmpDM:startTime="17933" tscDM:image="WD_Video_4_1_Thumbnails.png" tscDM:imageindex="2" tscDM:imageoffset="0" tscDM:imagerect="150, 0, 75, 46"/></rdf:li><rdf:li><rdf:Description xmpDM:name="Slide 4" xmpDM:startTime="27067" tscDM:image="WD_Video_4_1_Thumbnails.png" tscDM:imageindex="3" tscDM:imageoffset="0" tscDM:imagerect="225, 0, 75, 46"/></rdf:li><rdf:li><rdf:Description xmpDM:name="Slide 5" xmpDM:startTime="41867" tscDM:image="WD_Video_4_1_Thumbnails.png" tscDM:imageindex="4" tscDM:imageoffset="0" tscDM:imagerect="300, 0, 75, 46"/></rdf:li><rdf:li><rdf:Description xmpDM:name="Slide 6" xmpDM:startTime="53567" tscDM:image="WD_Video_4_1_Thumbnails.png" tscDM:imageindex="5" tscDM:imageoffset="0" tscDM:imagerect="375, 0, 75, 46"/></rdf:li><rdf:li><rdf:Description xmpDM:name="Slide 8" xmpDM:startTime="86133" tscDM:image="WD_Video_4_1_Thumbnails.png" tscDM:imageindex="6" tscDM:imageoffset="0" tscDM:imagerect="450, 0, 75, 46"/></rdf:li></rdf:Seq>
                     </xmpDM:markers>
                  </rdf:Description>
               </rdf:li>
            </rdf:Bag>
         </xmpDM:Tracks>
         <tscDM:controller>
            <rdf:Description xmpDM:name="tscplayer">
               <tscDM:parameters>
                  <rdf:Bag>
                     <rdf:li xmpDM:name="autohide" xmpDM:value="true"/><rdf:li xmpDM:name="autoplay" xmpDM:value="false"/><rdf:li xmpDM:name="loop" xmpDM:value="false"/><rdf:li xmpDM:name="searchable" xmpDM:value="true"/><rdf:li xmpDM:name="captionsenabled" xmpDM:value="false"/><rdf:li xmpDM:name="sidebarenabled" xmpDM:value="false"/><rdf:li xmpDM:name="unicodeenabled" xmpDM:value="false"/><rdf:li xmpDM:name="backgroundcolor" xmpDM:value="000000"/><rdf:li xmpDM:name="sidebarlocation" xmpDM:value="left"/><rdf:li xmpDM:name="endaction" xmpDM:value="stop"/><rdf:li xmpDM:name="endactionparam" xmpDM:value="true"/></rdf:Bag>
               </tscDM:parameters>
               <tscDM:controllerText>
                  <rdf:Bag>
                     <rdf:li><rdf:Description xmp:label="searchText"><tscDM:localizedText><rdf:Alt><rdf:li xml:lang="en-US">Search</rdf:li></rdf:Alt></tscDM:localizedText></rdf:Description></rdf:li><rdf:li><rdf:Description xmp:label="resultText"><tscDM:localizedText><rdf:Alt><rdf:li xml:lang="en-US">Results Found</rdf:li></rdf:Alt></tscDM:localizedText></rdf:Description></rdf:li><rdf:li><rdf:Description xmp:label="searchFullscreenText"><tscDM:localizedText><rdf:Alt><rdf:li xml:lang="en-US">Search disabled in full screen mode</rdf:li></rdf:Alt></tscDM:localizedText></rdf:Description></rdf:li><rdf:li><rdf:Description xmp:label="replayButtonText"><tscDM:localizedText><rdf:Alt><rdf:li xml:lang="en-US">Replay</rdf:li></rdf:Alt></tscDM:localizedText></rdf:Description></rdf:li><rdf:li><rdf:Description xmp:label="localSecurityError"><tscDM:localizedText><rdf:Alt><rdf:li xml:lang="en-US">Certain features in your video are currently disabled due to Local Network Security. These features work correctly when the video is played from a Website or Server.</rdf:li></rdf:Alt></tscDM:localizedText></rdf:Description></rdf:li></rdf:Bag>
               </tscDM:controllerText>
            </rdf:Description>
         </tscDM:controller>
         <tscDM:contentList>
            <rdf:Description>
               <tscDM:files>
                  <rdf:Seq>
                     <rdf:li xmpDM:name="0" xmpDM:value="WD_Video_4_1.mp4"/><rdf:li xmpDM:name="1" xmpDM:value="WD_Video_4_1_First_Frame.png"/><rdf:li xmpDM:name="2" xmpDM:value="WD_Video_4_1_Thumbnails.png"/></rdf:Seq>
               </tscDM:files>
            </rdf:Description>
         </tscDM:contentList>
      </rdf:Description>
   </rdf:RDF>
</x:xmpmeta>