ZIP Code,Post Office,Date Established,Date Discontinued
6230,ABINGTON,,12/20/2003
6231,AMSTON,,
6232,ANDOVER,,
6401,ANSONIA,,
6278,ASHFORD,,
6001,AVON,,
6233,BALLOUVILLE,,
6330,BALTIC,,
,BANKSVILLE,11/05/1849,6/15/1920
6750,BANTAM,,
6403,BEACON FALLS,10/27/1855,
6801,BETHEL,,
6751,BETHLEHEM,07/29/1811,
6002,BLOOMFIELD,08/31/1816,
6404,BOTSFORD,,
6334,BOZRAH,,
6405,BRANFORD,00/00/1806,
6602,BRIDGEPORT,,
6752,BRIDGEWATER,,
6010,BRISTOL,,
6016,BROAD BROOK,,
6804,BROOKFIELD,,
6805,BROOKFIELD CENTER,,2/1/1988
6234,BROOKLYN,,
6018,CANAAN,,
6331,CANTERBURY,,
6019,CANTON,04/18/1801,
6020,CANTON CENTER,08/23/1841,
6409,CENTERBROOK,,
6332,CENTRAL VILLAGE,,
6235,CHAPLIN,11/23/1825,
6410,CHESHIRE,10/20/1828,
6412,CHESTER,,
,CHESTERFIELD,02/17/1818,1/30/1904
6413,CLINTON,07/01/1794,
6414,COBALT,,
6415,COLCHESTER,,
6021,COLEBROOK,,
6022,COLLINSVILLE,,
6237,COLUMBIA,,
6753,CORNWALL,,
6754,CORNWALL BRIDGE,,
6807,COS COB,,
6238,COVENTRY,,
6416,CROMWELL,,
6810,DANBURY,,
6239,DANIELSON,,
6820,DARIEN,,
6241,DAYVILLE,,
6417,DEEP RIVER,02/29/1828,
6418,DERBY,,
6422,DURHAM,,
6023,EAST BERLIN,,
6024,EAST CANAAN,02/21/1850,
6025,EAST GLASTONBURY,,
6026,EAST GRANBY,,
6423,EAST HADDAM,00/00/1800,
6424,EAST HAMPTON,,
6027,EAST HARTLAND,,
,EAST HAVEN,01/27/1824,2/28/1917
6243,EAST KILLINGLY,02/19/1835,
6333,EAST LYME,,
6088,EAST WINDSOR,,
,EAST WINDSOR,07/24/1835,8/31/1915
,EAST WINDSOR,12/31/1810,05/23/1842
6028,EAST WINDSOR HILL,03/09/1837,
6244,EAST WOODSTOCK,,
6242,EASTFORD,,
,EASTON,9/30/1941,1/23/1981
,EASTON,02/20/1818,12/31/1900
6029,ELLINGTON,,
,ELLSWORTH,11/23/1811,4/29/1905
6082,ENFIELD,,
6426,ESSEX,,
6245,FABYAN,,
6430,FAIRFIELD,05/08/1775,
6031,FALLS VILLAGE,,
6032,FARMINGTON,,
,FORESTVILLE,07/10/1849,12/31/1938
6335,GALES FERRY,,
6755,GAYLORDSVILLE,,
6829,GEORGETOWN,,
6336,GILMAN,,
6337,GLASGO,,10/12/2002
6033,GLASTONBURY,,
6756,GOSHEN,,
6035,GRANBY,,
6436,GREENS FARMS,04/07/1875,
6830,GREENWICH,10/01/1802,
6246,GROSVENOR DALE,,
6340,GROTON,11/1/1960,
6437,GUILFORD,07/01/1793,
6438,HADDAM,,
6439,HADLYME,,
6247,HAMPTON,01/29/1820,
6350,HANOVER,05/17/1866,
6101,HARTFORD,05/08/1775,
6440,HAWLEYVILLE,,
6248,HEBRON,04/01/1801,
6441,HIGGANUM,03/04/1828,
6442,IVORYTON,,
6351,JEWETT CITY,,
6037,KENSINGTON,,
6757,KENT,,
,KILLINGWORTH,11/20/1816,6/30/1904
6758,LAKESIDE,,5/2/1998
6039,LAKEVILLE,,
6249,LEBANON,,
6759,LITCHFIELD,,
6443,MADISON,,
6040,MANCHESTER,01/30/1851,
,MANCHESTER,08/11/1841,2/19/1933
6250,MANSFIELD CENTER,,
6251,MANSFIELD DEPOT,,12/20/2003
6444,MARION,,
,MASHAPAUG,04/16/1851,3/30/1907
,MASSAPEAG,10/16/1879,1/31/1908
6049,MELROSE,,10/12/2002
6450,MERIDEN,01/08/1846,
6253,MERROW,,
6456,MIDDLE HADDAM,,
6762,MIDDLEBURY,,
6455,MIDDLEFIELD,,
6457,MIDDLETOWN,05/08/1775,
6460,MILFORD,05/09/1795,
6467,MILLDALE,05/27/1872,
,MOHEGAN,12/28/1887,7/31/1903
6468,MONROE,09/22/1849,
6353,MONTVILLE,04/18/1854,
6469,MOODUS,01/30/1833,
6354,MOOSUP,,
6763,MORRIS,,
6355,MYSTIC,,
6770,NAUGATUCK,,
6050,NEW BRITAIN,,
6840,NEW CANAAN,,
6057,NEW HARTFORD,01/01/1795,
6511,NEW HAVEN,00/00/1755,
6320,NEW LONDON,00/00/1772,
6776,NEW MILFORD,,
,NEWINGTON,02/18/1828,6/18/1944
6470,NEWTOWN,,
6357,NIANTIC,,
6058,NORFOLK,07/01/1804,
6471,NORTH BRANFORD,,
6059,NORTH CANTON,,
6254,NORTH FRANKLIN,,
6060,NORTH GRANBY,,
6255,NORTH GROSVENORDALE,,
6473,NORTH HAVEN,,
,NORTH NEWINGTON,09/20/1865,6/18/1944
6359,NORTH STONINGTON,01/24/1811,
6474,NORTH WESTCHESTER,,
6256,NORTH WINDHAM,,
6472,NORTHFORD,,
6856,NORWALK,,
6360,NORWICH,04/01/1802,
,NORWICH TOWN,00/00/1782,3/31/1907
6370,OAKDALE,03/09/1882,
6870,OLD GREENWICH,03/18/1880,
6371,OLD LYME,,
6372,OLD MYSTIC,12/10/1810,
6475,OLD SAYBROOK,01/29/1793,
6373,ONECO,,
6477,ORANGE,08/06/1844,
6781,PEQUABUCK,,
6061,PINE MEADOW,,
6374,PLAINFIELD,,
6062,PLAINVILLE,,
6479,PLANTSVILLE,,
6063,PLEASANT VALLEY,,
6782,PLYMOUTH,,
6258,POMFRET,,
6259,POMFRET CENTER,,
6064,POQUONOCK,,
6480,PORTLAND,,
6260,PUTNAM,,
6375,QUAKER HILL,06/30/1890,
6262,QUINEBAUG,,
6875,REDDING,,
6876,REDDING RIDGE,,
6877,RIDGEFIELD,03/20/1793,
6878,RIVERSIDE,,
6065,RIVERTON,,
6481,ROCKFALL,,
6067,ROCKY HILL,08/06/1802,
6263,ROGERS,,
6783,ROXBURY,,
6068,SALISBURY,,
6482,SANDY HOOK,04/08/1862,8/20/1994
6264,SCOTLAND,04/17/1817,
6483,SEYMOUR,11/24/1812,
6069,SHARON,,
6484,SHELTON,02/19/1894,
6784,SHERMAN,,
,SILVER LANE,06/28/1882,9/30/1930
6070,SIMSBURY,04/18/1801,
6071,SOMERS,,
6072,SOMERSVILLE,,
6487,SOUTH BRITAIN,04/06/1827,11/9/2002
6073,SOUTH GLASTONBURY,,
,SOUTH HAVEN,06/03/1869,06/28/1881
6785,SOUTH KENT,,
6376,SOUTH LYME,,
6265,SOUTH WILLINGTON,,
6266,SOUTH WINDHAM,,
6074,SOUTH WINDSOR,06/15/1846,
6267,SOUTH WOODSTOCK,,
6488,SOUTHBURY,,
6489,SOUTHINGTON,04/01/1805,
6490,SOUTHPORT,07/06/1825,
6075,STAFFORD,01/01/1807,
6076,STAFFORD SPRINGS,03/22/1844,
6077,STAFFORDVILLE,03/06/1851,
6904,STAMFORD,05/08/1775,
6377,STERLING,,
6491,STEVENSON,04/06/1827,
6378,STONINGTON,11/28/1792,
6268,STORRS,,
6078,SUFFIELD,,
6079,TACONIC,,
6380,TAFTVILLE,,
6081,TARIFFVILLE,,
6786,TERRYVILLE,,
6787,THOMASTON,,
6277,THOMPSON,,
6084,TOLLAND,,
6790,TORRINGTON,05/25/1826,
6382,UNCASVILLE,01/03/1828,
,UNION,06/17/1822,11/14/1905
,UNION CITY,06/10/1879,4/30/1904
6085,UNIONVILLE,,
6066,VERNON-ROCKVILLE,,
6383,VERSAILLES,01/15/1822,
6384,VOLUNTOWN,07/20/1826,
6492,WALLINGFORD,05/26/1794,
,WARREN,00/00/1812,10/14/1905
6794,WASHINGTON DEPOT,,
6701,WATERBURY,,
6385,WATERFORD,,
6795,WATERTOWN,,
6387,WAUREGAN,,
6089,WEATOGUE,,
6796,WEST CORNWALL,,
6090,WEST GRANBY,,
6091,WEST HARTLAND,,3/13/2004
6896,WEST REDDING,,
6092,WEST SIMSBURY,,
,WEST STAFFORD,12/12/1832,7/31/1907
6093,WEST SUFFIELD,,
6498,WESTBROOK,,
6880,WESTPORT,07/01/1807,
,WETHERSFIELD,01/22/1794,7/1/1923
6226,WILLIMANTIC,11/04/1825,
6279,WILLINGTON,,
6897,WILTON,12/19/1810,
6280,WINDHAM,,
6095,WINDSOR,,
6096,WINDSOR LOCKS,01/14/1833,
6097,WINDSORVILLE,12/21/1827,2/2/1984
6098,WINSTED,06/06/1849,
6798,WOODBURY,,
6281,WOODSTOCK,,
6282,WOODSTOCK VALLEY,,10/12/2002
6389,YANTIC,03/11/1852,
