<x:xmpmeta xmlns:x="adobe:ns:meta/">
   <rdf:RDF xmlns:rdf="http://www.w3.org/1999/02/22-rdf-syntax-ns#" xmlns:xmp="http://ns.adobe.com/xap/1.0/" xmlns:xmpDM="http://ns.adobe.com/xmp/1.0/DynamicMedia/" xmlns:xmpG="http://ns.adobe.com/xap/1.0/g/" xmlns:tsc="http://www.techsmith.com/xmp/tsc/" xmlns:xmpMM="http://ns.adobe.com/xap/1.0/mm/" xmlns:tscDM="http://www.techsmith.com/xmp/tscDM/" xmlns:tscIQ="http://www.techsmith.com/xmp/tscIQ/" xmlns:tscHS="http://www.techsmith.com/xmp/tscHS/" xmlns:stDim="http://ns.adobe.com/xap/1.0/sType/Dimensions#" xmlns:stFnt="http://ns.adobe.com/xap/1.0/sType/Font#" xmlns:exif="http://ns.adobe.com/exif/1.0" xmlns:dc="http://purl.org/dc/elements/1.1/">
      <rdf:Description tsc:version="2.0.0" dc:date="2013-03-20 05:41:05 AM" dc:source="Camtasia Studio,8.0.0,enu" dc:title="WD_Video_8_1" tscDM:firstFrame="WD_Video_8_1_First_Frame.png" tscDM:originId="D3D1D603-2E98-4FEB-B501-27921485C818" tscDM:project="WD_Video_8_1">
         <xmpDM:duration xmpDM:scale="1/1000" xmpDM:value="76100"/>
         <xmpDM:videoFrameSize stDim:unit="pixel" stDim:h="480" stDim:w="768"/>
         <tsc:langName>
            <rdf:Bag>
               <rdf:li xml:lang="en-US">English</rdf:li></rdf:Bag>
         </tsc:langName>
         <xmpDM:Tracks>
            <rdf:Bag>
               <rdf:li>
                  <rdf:Description xmpDM:trackType="Caption" xmpDM:frameRate="f1000" xmpDM:trackName="Captioning" stFnt:fontFamily="Arial" tscDM:fontSize="24" tscDM:bgOpacity="0.500000">
                     <xmpDM:markers>
                        <rdf:Seq>
                           <rdf:li><rdf:Description xmpDM:duration="4233" xmpDM:startTime="1933" tscDM:valign="bottom" tscDM:halign="center"><xmpDM:name><rdf:Alt><rdf:li xml:lang="en-US">{\rtf1 Hello everyone and welcome to Chapter 8! My \par name is Dr. Theodor Richardson and I will}</rdf:li></rdf:Alt></xmpDM:name></rdf:Description></rdf:li><rdf:li><rdf:Description xmpDM:duration="4233" xmpDM:startTime="6167" tscDM:valign="bottom" tscDM:halign="center"><xmpDM:name><rdf:Alt><rdf:li xml:lang="en-US">{\rtf1  be guiding you through some vital steps in \par creating a multimedia Web site. In this}</rdf:li></rdf:Alt></xmpDM:name></rdf:Description></rdf:li><rdf:li><rdf:Description xmpDM:duration="4233" xmpDM:startTime="10400" tscDM:valign="bottom" tscDM:halign="center"><xmpDM:name><rdf:Alt><rdf:li xml:lang="en-US">{\rtf1  video, you will learn how to create SELECT \par queries in SQL for accessing a database from}</rdf:li></rdf:Alt></xmpDM:name></rdf:Description></rdf:li><rdf:li><rdf:Description xmpDM:duration="4267" xmpDM:startTime="14633" tscDM:valign="bottom" tscDM:halign="center"><xmpDM:name><rdf:Alt><rdf:li xml:lang="en-US">{\rtf1  your Website.}</rdf:li></rdf:Alt></xmpDM:name></rdf:Description></rdf:li><rdf:li><rdf:Description xmpDM:duration="4733" xmpDM:startTime="18900" tscDM:valign="bottom" tscDM:halign="center"><xmpDM:name><rdf:Alt><rdf:li xml:lang="en-US">{\rtf1 SELECT queries are used in MySQL to view \par stored data from a database. There are three}</rdf:li></rdf:Alt></xmpDM:name></rdf:Description></rdf:li><rdf:li><rdf:Description xmpDM:duration="4767" xmpDM:startTime="23633" tscDM:valign="bottom" tscDM:halign="center"><xmpDM:name><rdf:Alt><rdf:li xml:lang="en-US">{\rtf1  keywords for SELECT queries in SQL.  Two \par of these are required: SELECT and FROM.  \par SELECT}</rdf:li></rdf:Alt></xmpDM:name></rdf:Description></rdf:li><rdf:li><rdf:Description xmpDM:duration="4767" xmpDM:startTime="28400" tscDM:valign="bottom" tscDM:halign="center"><xmpDM:name><rdf:Alt><rdf:li xml:lang="en-US">{\rtf1  identifies the field or fields that you want to \par view and FROM identifies the table from which}</rdf:li></rdf:Alt></xmpDM:name></rdf:Description></rdf:li><rdf:li><rdf:Description xmpDM:duration="4733" xmpDM:startTime="33167" tscDM:valign="bottom" tscDM:halign="center"><xmpDM:name><rdf:Alt><rdf:li xml:lang="en-US">{\rtf1  you will select these.}</rdf:li></rdf:Alt></xmpDM:name></rdf:Description></rdf:li><rdf:li><rdf:Description xmpDM:duration="5267" xmpDM:startTime="37900" tscDM:valign="bottom" tscDM:halign="center"><xmpDM:name><rdf:Alt><rdf:li xml:lang="en-US">{\rtf1 The optional keyword in a SELECT query is \par WHERE. This sets limits on the data returned \par and}</rdf:li></rdf:Alt></xmpDM:name></rdf:Description></rdf:li><rdf:li><rdf:Description xmpDM:duration="5500" xmpDM:startTime="43167" tscDM:valign="bottom" tscDM:halign="center"><xmpDM:name><rdf:Alt><rdf:li xml:lang="en-US">{\rtf1  specifies the conditions that must be met for \par the record to be included in the results.}</rdf:li></rdf:Alt></xmpDM:name></rdf:Description></rdf:li><rdf:li><rdf:Description xmpDM:duration="5100" xmpDM:startTime="48667" tscDM:valign="bottom" tscDM:halign="center"><xmpDM:name><rdf:Alt><rdf:li xml:lang="en-US">{\rtf1 The example shown would select the field \par “name” from the table “zippy” only where the \par email}</rdf:li></rdf:Alt></xmpDM:name></rdf:Description></rdf:li><rdf:li><rdf:Description xmpDM:duration="5100" xmpDM:startTime="53767" tscDM:valign="bottom" tscDM:halign="center"><xmpDM:name><rdf:Alt><rdf:li xml:lang="en-US">{\rtf1  field matches the value \par “anyone@somewhere.com” – this allows you \par to select single}</rdf:li></rdf:Alt></xmpDM:name></rdf:Description></rdf:li><rdf:li><rdf:Description xmpDM:duration="5100" xmpDM:startTime="58867" tscDM:valign="bottom" tscDM:halign="center"><xmpDM:name><rdf:Alt><rdf:li xml:lang="en-US">{\rtf1  records if you specify a primary key.}</rdf:li></rdf:Alt></xmpDM:name></rdf:Description></rdf:li><rdf:li><rdf:Description xmpDM:duration="6533" xmpDM:startTime="63967" tscDM:valign="bottom" tscDM:halign="center"><xmpDM:name><rdf:Alt><rdf:li xml:lang="en-US">{\rtf1 Multiple fields can be selected by separating \par them with a comma.  Similarly the WHERE \par condition }</rdf:li></rdf:Alt></xmpDM:name></rdf:Description></rdf:li><rdf:li><rdf:Description xmpDM:duration="5600" xmpDM:startTime="70500" tscDM:valign="bottom" tscDM:halign="center"><xmpDM:name><rdf:Alt><rdf:li xml:lang="en-US">{\rtf1 can contain complex evaluations separated by \par AND as shown.}</rdf:li></rdf:Alt></xmpDM:name></rdf:Description></rdf:li></rdf:Seq>
                     </xmpDM:markers>
                     <tsc:fgColor xmpG:red="255" xmpG:green="255" xmpG:blue="255"/><tsc:bgColor xmpG:red="0" xmpG:green="0" xmpG:blue="0"/></rdf:Description>
               </rdf:li>
               <rdf:li>
                  <rdf:Description xmpDM:trackType="ScreenText" xmpDM:frameRate="f1000" xmpDM:trackName="Screen Text">
                     <xmpDM:markers>
                        <rdf:Seq>
                           <rdf:li><rdf:Description xmpDM:name="Welcome!" xmpDM:startTime="1933" xmpDM:duration="1000"/></rdf:li><rdf:li><rdf:Description xmpDM:name="In" xmpDM:startTime="1933" xmpDM:duration="1000"/></rdf:li><rdf:li><rdf:Description xmpDM:name="this" xmpDM:startTime="1933" xmpDM:duration="1000"/></rdf:li><rdf:li><rdf:Description xmpDM:name="video," xmpDM:startTime="1933" xmpDM:duration="1000"/></rdf:li><rdf:li><rdf:Description xmpDM:name="you" xmpDM:startTime="1933" xmpDM:duration="1000"/></rdf:li><rdf:li><rdf:Description xmpDM:name="will" xmpDM:startTime="1933" xmpDM:duration="1000"/></rdf:li><rdf:li><rdf:Description xmpDM:name="learn" xmpDM:startTime="1933" xmpDM:duration="1000"/></rdf:li><rdf:li><rdf:Description xmpDM:name="to" xmpDM:startTime="1933" xmpDM:duration="1000"/></rdf:li><rdf:li><rdf:Description xmpDM:name="create" xmpDM:startTime="1933" xmpDM:duration="1000"/></rdf:li><rdf:li><rdf:Description xmpDM:name="SELECT" xmpDM:startTime="1933" xmpDM:duration="1000"/></rdf:li><rdf:li><rdf:Description xmpDM:name="queries" xmpDM:startTime="1933" xmpDM:duration="1000"/></rdf:li><rdf:li><rdf:Description xmpDM:name="in" xmpDM:startTime="1933" xmpDM:duration="1000"/></rdf:li><rdf:li><rdf:Description xmpDM:name="SQL" xmpDM:startTime="1933" xmpDM:duration="1000"/></rdf:li><rdf:li><rdf:Description xmpDM:name="SELECT" xmpDM:startTime="18900" xmpDM:duration="1000"/></rdf:li><rdf:li><rdf:Description xmpDM:name="x" xmpDM:startTime="18900" xmpDM:duration="1000"/></rdf:li><rdf:li><rdf:Description xmpDM:name="FROM" xmpDM:startTime="18900" xmpDM:duration="1000"/></rdf:li><rdf:li><rdf:Description xmpDM:name="y" xmpDM:startTime="18900" xmpDM:duration="1000"/></rdf:li><rdf:li><rdf:Description xmpDM:name="SELECT" xmpDM:startTime="48667" xmpDM:duration="1000"/></rdf:li><rdf:li><rdf:Description xmpDM:name="name" xmpDM:startTime="48667" xmpDM:duration="1000"/></rdf:li><rdf:li><rdf:Description xmpDM:name="FROM" xmpDM:startTime="48667" xmpDM:duration="1000"/></rdf:li><rdf:li><rdf:Description xmpDM:name="zippy" xmpDM:startTime="48667" xmpDM:duration="1000"/></rdf:li><rdf:li><rdf:Description xmpDM:name="WHERE" xmpDM:startTime="48667" xmpDM:duration="1000"/></rdf:li><rdf:li><rdf:Description xmpDM:name="email" xmpDM:startTime="48667" xmpDM:duration="1000"/></rdf:li><rdf:li><rdf:Description xmpDM:name="=" xmpDM:startTime="48667" xmpDM:duration="1000"/></rdf:li><rdf:li><rdf:Description xmpDM:name="'anyone@somewhere.com'" xmpDM:startTime="48667" xmpDM:duration="1000"/></rdf:li><rdf:li><rdf:Description xmpDM:name="SELECT" xmpDM:startTime="63967" xmpDM:duration="1000"/></rdf:li><rdf:li><rdf:Description xmpDM:name="name," xmpDM:startTime="63967" xmpDM:duration="1000"/></rdf:li><rdf:li><rdf:Description xmpDM:name="email" xmpDM:startTime="63967" xmpDM:duration="1000"/></rdf:li><rdf:li><rdf:Description xmpDM:name="FROM" xmpDM:startTime="63967" xmpDM:duration="1000"/></rdf:li><rdf:li><rdf:Description xmpDM:name="zippy" xmpDM:startTime="63967" xmpDM:duration="1000"/></rdf:li><rdf:li><rdf:Description xmpDM:name="WHERE" xmpDM:startTime="63967" xmpDM:duration="1000"/></rdf:li><rdf:li><rdf:Description xmpDM:name="zip" xmpDM:startTime="63967" xmpDM:duration="1000"/></rdf:li><rdf:li><rdf:Description xmpDM:name="=" xmpDM:startTime="63967" xmpDM:duration="1000"/></rdf:li><rdf:li><rdf:Description xmpDM:name="'90210'" xmpDM:startTime="63967" xmpDM:duration="1000"/></rdf:li><rdf:li><rdf:Description xmpDM:name="AND" xmpDM:startTime="63967" xmpDM:duration="1000"/></rdf:li><rdf:li><rdf:Description xmpDM:name="drink" xmpDM:startTime="63967" xmpDM:duration="1000"/></rdf:li><rdf:li><rdf:Description xmpDM:name="=" xmpDM:startTime="63967" xmpDM:duration="1000"/></rdf:li><rdf:li><rdf:Description xmpDM:name="'coffee'" xmpDM:startTime="63967" xmpDM:duration="1000"/></rdf:li></rdf:Seq>
                     </xmpDM:markers>
                  </rdf:Description>
               </rdf:li>
               <rdf:li>
                  <rdf:Description xmpDM:trackType="TableOfContents" xmpDM:frameRate="f1000" xmpDM:trackName="Table of Contents">
                     <xmpDM:markers>
                        <rdf:Seq>
                           <rdf:li><rdf:Description xmpDM:name="Slide 1" xmpDM:startTime="0" tscDM:image="WD_Video_8_1_Thumbnails.png" tscDM:imageindex="0" tscDM:imageoffset="0" tscDM:imagerect="0, 0, 75, 46"/></rdf:li><rdf:li><rdf:Description xmpDM:name="Welcome!" xmpDM:startTime="1900" tscDM:image="WD_Video_8_1_Thumbnails.png" tscDM:imageindex="1" tscDM:imageoffset="0" tscDM:imagerect="75, 0, 75, 46"/></rdf:li><rdf:li><rdf:Description xmpDM:name="Slide 3" xmpDM:startTime="18900" tscDM:image="WD_Video_8_1_Thumbnails.png" tscDM:imageindex="2" tscDM:imageoffset="0" tscDM:imagerect="150, 0, 75, 46"/></rdf:li><rdf:li><rdf:Description xmpDM:name="Slide 5" xmpDM:startTime="48667" tscDM:image="WD_Video_8_1_Thumbnails.png" tscDM:imageindex="3" tscDM:imageoffset="0" tscDM:imagerect="225, 0, 75, 46"/></rdf:li><rdf:li><rdf:Description xmpDM:name="Slide 6" xmpDM:startTime="63967" tscDM:image="WD_Video_8_1_Thumbnails.png" tscDM:imageindex="4" tscDM:imageoffset="0" tscDM:imagerect="300, 0, 75, 46"/></rdf:li></rdf:Seq>
                     </xmpDM:markers>
                  </rdf:Description>
               </rdf:li>
            </rdf:Bag>
         </xmpDM:Tracks>
         <tscDM:controller>
            <rdf:Description xmpDM:name="tscplayer">
               <tscDM:parameters>
                  <rdf:Bag>
                     <rdf:li xmpDM:name="autohide" xmpDM:value="true"/><rdf:li xmpDM:name="autoplay" xmpDM:value="false"/><rdf:li xmpDM:name="loop" xmpDM:value="false"/><rdf:li xmpDM:name="searchable" xmpDM:value="true"/><rdf:li xmpDM:name="captionsenabled" xmpDM:value="false"/><rdf:li xmpDM:name="sidebarenabled" xmpDM:value="false"/><rdf:li xmpDM:name="unicodeenabled" xmpDM:value="false"/><rdf:li xmpDM:name="backgroundcolor" xmpDM:value="000000"/><rdf:li xmpDM:name="sidebarlocation" xmpDM:value="left"/><rdf:li xmpDM:name="endaction" xmpDM:value="stop"/><rdf:li xmpDM:name="endactionparam" xmpDM:value="true"/></rdf:Bag>
               </tscDM:parameters>
               <tscDM:controllerText>
                  <rdf:Bag>
                     <rdf:li><rdf:Description xmp:label="searchText"><tscDM:localizedText><rdf:Alt><rdf:li xml:lang="en-US">Search</rdf:li></rdf:Alt></tscDM:localizedText></rdf:Description></rdf:li><rdf:li><rdf:Description xmp:label="resultText"><tscDM:localizedText><rdf:Alt><rdf:li xml:lang="en-US">Results Found</rdf:li></rdf:Alt></tscDM:localizedText></rdf:Description></rdf:li><rdf:li><rdf:Description xmp:label="searchFullscreenText"><tscDM:localizedText><rdf:Alt><rdf:li xml:lang="en-US">Search disabled in full screen mode</rdf:li></rdf:Alt></tscDM:localizedText></rdf:Description></rdf:li><rdf:li><rdf:Description xmp:label="replayButtonText"><tscDM:localizedText><rdf:Alt><rdf:li xml:lang="en-US">Replay</rdf:li></rdf:Alt></tscDM:localizedText></rdf:Description></rdf:li><rdf:li><rdf:Description xmp:label="localSecurityError"><tscDM:localizedText><rdf:Alt><rdf:li xml:lang="en-US">Certain features in your video are currently disabled due to Local Network Security. These features work correctly when the video is played from a Website or Server.</rdf:li></rdf:Alt></tscDM:localizedText></rdf:Description></rdf:li></rdf:Bag>
               </tscDM:controllerText>
            </rdf:Description>
         </tscDM:controller>
         <tscDM:contentList>
            <rdf:Description>
               <tscDM:files>
                  <rdf:Seq>
                     <rdf:li xmpDM:name="0" xmpDM:value="WD_Video_8_1.mp4"/><rdf:li xmpDM:name="1" xmpDM:value="WD_Video_8_1_First_Frame.png"/><rdf:li xmpDM:name="2" xmpDM:value="WD_Video_8_1_Thumbnails.png"/></rdf:Seq>
               </tscDM:files>
            </rdf:Description>
         </tscDM:contentList>
      </rdf:Description>
   </rdf:RDF>
</x:xmpmeta>