<x:xmpmeta xmlns:x="adobe:ns:meta/">
   <rdf:RDF xmlns:rdf="http://www.w3.org/1999/02/22-rdf-syntax-ns#" xmlns:xmp="http://ns.adobe.com/xap/1.0/" xmlns:xmpDM="http://ns.adobe.com/xmp/1.0/DynamicMedia/" xmlns:xmpG="http://ns.adobe.com/xap/1.0/g/" xmlns:tsc="http://www.techsmith.com/xmp/tsc/" xmlns:xmpMM="http://ns.adobe.com/xap/1.0/mm/" xmlns:tscDM="http://www.techsmith.com/xmp/tscDM/" xmlns:tscIQ="http://www.techsmith.com/xmp/tscIQ/" xmlns:tscHS="http://www.techsmith.com/xmp/tscHS/" xmlns:stDim="http://ns.adobe.com/xap/1.0/sType/Dimensions#" xmlns:stFnt="http://ns.adobe.com/xap/1.0/sType/Font#" xmlns:exif="http://ns.adobe.com/exif/1.0" xmlns:dc="http://purl.org/dc/elements/1.1/">
      <rdf:Description tsc:version="2.0.0" dc:date="2013-03-20 05:20:27 AM" dc:source="Camtasia Studio,8.0.0,enu" dc:title="WD_Video_5_1" tscDM:firstFrame="WD_Video_5_1_First_Frame.png" tscDM:originId="D3D1D603-2E98-4FEB-B501-27921485C818" tscDM:project="WD_Video_5_1">
         <xmpDM:duration xmpDM:scale="1/1000" xmpDM:value="124633"/>
         <xmpDM:videoFrameSize stDim:unit="pixel" stDim:h="480" stDim:w="768"/>
         <tsc:langName>
            <rdf:Bag>
               <rdf:li xml:lang="en-US">English</rdf:li></rdf:Bag>
         </tsc:langName>
         <xmpDM:Tracks>
            <rdf:Bag>
               <rdf:li>
                  <rdf:Description xmpDM:trackType="Caption" xmpDM:frameRate="f1000" xmpDM:trackName="Captioning" stFnt:fontFamily="Arial" tscDM:fontSize="24" tscDM:bgOpacity="0.500000">
                     <xmpDM:markers>
                        <rdf:Seq>
                           <rdf:li><rdf:Description xmpDM:duration="4633" xmpDM:startTime="2800" tscDM:valign="bottom" tscDM:halign="center"><xmpDM:name><rdf:Alt><rdf:li xml:lang="en-US">{\rtf1 Hello everyone and welcome to Chapter 5! My \par name is Dr. Theodor Richardson and I will}</rdf:li></rdf:Alt></xmpDM:name></rdf:Description></rdf:li><rdf:li><rdf:Description xmpDM:duration="4667" xmpDM:startTime="7433" tscDM:valign="bottom" tscDM:halign="center"><xmpDM:name><rdf:Alt><rdf:li xml:lang="en-US">{\rtf1  be guiding you through some vital steps in \par creating a multimedia Web site. In this}</rdf:li></rdf:Alt></xmpDM:name></rdf:Description></rdf:li><rdf:li><rdf:Description xmpDM:duration="4667" xmpDM:startTime="12100" tscDM:valign="bottom" tscDM:halign="center"><xmpDM:name><rdf:Alt><rdf:li xml:lang="en-US">{\rtf1  video, you will learn how to add images to \par your HTML page.}</rdf:li></rdf:Alt></xmpDM:name></rdf:Description></rdf:li><rdf:li><rdf:Description xmpDM:duration="4133" xmpDM:startTime="16767" tscDM:valign="bottom" tscDM:halign="center"><xmpDM:name><rdf:Alt><rdf:li xml:lang="en-US">{\rtf1 Images in HTML are added by using the &lt;img&gt; \par tag.  This is one of the few tags that does}</rdf:li></rdf:Alt></xmpDM:name></rdf:Description></rdf:li><rdf:li><rdf:Description xmpDM:duration="4167" xmpDM:startTime="20900" tscDM:valign="bottom" tscDM:halign="center"><xmpDM:name><rdf:Alt><rdf:li xml:lang="en-US">{\rtf1  not have a closing tag, so it has the closing \par mark at the end of the tag itself to signify}</rdf:li></rdf:Alt></xmpDM:name></rdf:Description></rdf:li><rdf:li><rdf:Description xmpDM:duration="4167" xmpDM:startTime="25067" tscDM:valign="bottom" tscDM:halign="center"><xmpDM:name><rdf:Alt><rdf:li xml:lang="en-US">{\rtf1  that is has ended.}</rdf:li></rdf:Alt></xmpDM:name></rdf:Description></rdf:li><rdf:li><rdf:Description xmpDM:duration="367" xmpDM:startTime="29233" tscDM:valign="bottom" tscDM:halign="center"><xmpDM:name><rdf:Alt><rdf:li xml:lang="en-US">{\rtf1 Images appear in the body only.  The src \par attribute specifies the name of the image that \par will}</rdf:li></rdf:Alt></xmpDM:name></rdf:Description></rdf:li><rdf:li><rdf:Description xmpDM:duration="4933" xmpDM:startTime="29600" tscDM:valign="bottom" tscDM:halign="center"><xmpDM:name><rdf:Alt><rdf:li xml:lang="en-US">{\rtf1 Images appear in the body only.  The src \par attribute specifies the name of the image that \par will}</rdf:li></rdf:Alt></xmpDM:name></rdf:Description></rdf:li><rdf:li><rdf:Description xmpDM:duration="4600" xmpDM:startTime="34533" tscDM:valign="bottom" tscDM:halign="center"><xmpDM:name><rdf:Alt><rdf:li xml:lang="en-US">{\rtf1  appear.  In the example, the source file is \par cup.png.}</rdf:li></rdf:Alt></xmpDM:name></rdf:Description></rdf:li><rdf:li><rdf:Description xmpDM:duration="5233" xmpDM:startTime="39133" tscDM:valign="bottom" tscDM:halign="center"><xmpDM:name><rdf:Alt><rdf:li xml:lang="en-US">{\rtf1 The source file can be any file relative to the \par Web page itself, so if the image is stored in a }</rdf:li></rdf:Alt></xmpDM:name></rdf:Description></rdf:li><rdf:li><rdf:Description xmpDM:duration="5233" xmpDM:startTime="44367" tscDM:valign="bottom" tscDM:halign="center"><xmpDM:name><rdf:Alt><rdf:li xml:lang="en-US">{\rtf1 media folder, the src attribute would have the \par value shown.}</rdf:li></rdf:Alt></xmpDM:name></rdf:Description></rdf:li><rdf:li><rdf:Description xmpDM:duration="4667" xmpDM:startTime="49600" tscDM:valign="bottom" tscDM:halign="center"><xmpDM:name><rdf:Alt><rdf:li xml:lang="en-US">{\rtf1 You can also use absolute addressing for \par source files.  This is the full URL of the}</rdf:li></rdf:Alt></xmpDM:name></rdf:Description></rdf:li><rdf:li><rdf:Description xmpDM:duration="4700" xmpDM:startTime="54267" tscDM:valign="bottom" tscDM:halign="center"><xmpDM:name><rdf:Alt><rdf:li xml:lang="en-US">{\rtf1  image, as shown in the example.  This is \par useful if your tag is used across multiple \par pages or}</rdf:li></rdf:Alt></xmpDM:name></rdf:Description></rdf:li><rdf:li><rdf:Description xmpDM:duration="4700" xmpDM:startTime="58967" tscDM:valign="bottom" tscDM:halign="center"><xmpDM:name><rdf:Alt><rdf:li xml:lang="en-US">{\rtf1  the location of the page is subject to change.}</rdf:li></rdf:Alt></xmpDM:name></rdf:Description></rdf:li><rdf:li><rdf:Description xmpDM:duration="3867" xmpDM:startTime="63667" tscDM:valign="bottom" tscDM:halign="center"><xmpDM:name><rdf:Alt><rdf:li xml:lang="en-US">{\rtf1 The &lt;img&gt; tag should have a height and width \par set to establish explicit bounds for}</rdf:li></rdf:Alt></xmpDM:name></rdf:Description></rdf:li><rdf:li><rdf:Description xmpDM:duration="7000" xmpDM:startTime="67533" tscDM:valign="bottom" tscDM:halign="center"><xmpDM:name><rdf:Alt><rdf:li xml:lang="en-US">{\rtf1  how large the image will be in the page.  It is a \par good idea to use precise image sizes when \par you}</rdf:li></rdf:Alt></xmpDM:name></rdf:Description></rdf:li><rdf:li><rdf:Description xmpDM:duration="3567" xmpDM:startTime="74533" tscDM:valign="bottom" tscDM:halign="center"><xmpDM:name><rdf:Alt><rdf:li xml:lang="en-US">{\rtf1  create your media so there is no waste of the \par image size and storage space.  The common}</rdf:li></rdf:Alt></xmpDM:name></rdf:Description></rdf:li><rdf:li><rdf:Description xmpDM:duration="2700" xmpDM:startTime="78100" tscDM:valign="bottom" tscDM:halign="center"><xmpDM:name><rdf:Alt><rdf:li xml:lang="en-US">{\rtf1  formats for images are JPEG (.jpg), PNG \par (.png), and GIF (.gif).  All modern browsers}</rdf:li></rdf:Alt></xmpDM:name></rdf:Description></rdf:li><rdf:li><rdf:Description xmpDM:duration="33" xmpDM:startTime="80800" tscDM:valign="bottom" tscDM:halign="center"><xmpDM:name><rdf:Alt><rdf:li xml:lang="en-US">{\rtf1  support these file types.}</rdf:li></rdf:Alt></xmpDM:name></rdf:Description></rdf:li><rdf:li><rdf:Description xmpDM:duration="4767" xmpDM:startTime="80833" tscDM:valign="bottom" tscDM:halign="center"><xmpDM:name><rdf:Alt><rdf:li xml:lang="en-US">{\rtf1  support these file types.}</rdf:li></rdf:Alt></xmpDM:name></rdf:Description></rdf:li><rdf:li><rdf:Description xmpDM:duration="567" xmpDM:startTime="85600" tscDM:valign="bottom" tscDM:halign="center"><xmpDM:name><rdf:Alt><rdf:li xml:lang="en-US">{\rtf1 The alt attribute establishes the alternate text \par for viewers that are visually impaired.  The}</rdf:li></rdf:Alt></xmpDM:name></rdf:Description></rdf:li><rdf:li><rdf:Description xmpDM:duration="2500" xmpDM:startTime="86167" tscDM:valign="bottom" tscDM:halign="center"><xmpDM:name><rdf:Alt><rdf:li xml:lang="en-US">{\rtf1 The alt attribute establishes the alternate text \par for viewers that are visually impaired.  The}</rdf:li></rdf:Alt></xmpDM:name></rdf:Description></rdf:li><rdf:li><rdf:Description xmpDM:duration="5100" xmpDM:startTime="88667" tscDM:valign="bottom" tscDM:halign="center"><xmpDM:name><rdf:Alt><rdf:li xml:lang="en-US">{\rtf1  browser reader will read the contents of the \par alt attribute.  This also appears if viewers}</rdf:li></rdf:Alt></xmpDM:name></rdf:Description></rdf:li><rdf:li><rdf:Description xmpDM:duration="5100" xmpDM:startTime="93767" tscDM:valign="bottom" tscDM:halign="center"><xmpDM:name><rdf:Alt><rdf:li xml:lang="en-US">{\rtf1  have images turned off for display.}</rdf:li></rdf:Alt></xmpDM:name></rdf:Description></rdf:li><rdf:li><rdf:Description xmpDM:duration="4200" xmpDM:startTime="98867" tscDM:valign="bottom" tscDM:halign="center"><xmpDM:name><rdf:Alt><rdf:li xml:lang="en-US">{\rtf1 In Adobe Dreamweaver, you can insert an \par image from the Insert menu or from the Insert \par toolbox}</rdf:li></rdf:Alt></xmpDM:name></rdf:Description></rdf:li><rdf:li><rdf:Description xmpDM:duration="4200" xmpDM:startTime="103067" tscDM:valign="bottom" tscDM:halign="center"><xmpDM:name><rdf:Alt><rdf:li xml:lang="en-US">{\rtf1  on the right side of the display.}</rdf:li></rdf:Alt></xmpDM:name></rdf:Description></rdf:li><rdf:li><rdf:Description xmpDM:duration="3900" xmpDM:startTime="107267" tscDM:valign="bottom" tscDM:halign="center"><xmpDM:name><rdf:Alt><rdf:li xml:lang="en-US">{\rtf1 After you select the image you want to insert, \par you will be prompted to enter the alternate}</rdf:li></rdf:Alt></xmpDM:name></rdf:Description></rdf:li><rdf:li><rdf:Description xmpDM:duration="3900" xmpDM:startTime="111167" tscDM:valign="bottom" tscDM:halign="center"><xmpDM:name><rdf:Alt><rdf:li xml:lang="en-US">{\rtf1  display text.  After you enter this and click OK, \par the image will be added to your HTML page}</rdf:li></rdf:Alt></xmpDM:name></rdf:Description></rdf:li><rdf:li><rdf:Description xmpDM:duration="3900" xmpDM:startTime="115067" tscDM:valign="bottom" tscDM:halign="center"><xmpDM:name><rdf:Alt><rdf:li xml:lang="en-US">{\rtf1 .}</rdf:li></rdf:Alt></xmpDM:name></rdf:Description></rdf:li><rdf:li><rdf:Description xmpDM:duration="3267" xmpDM:startTime="118967" tscDM:valign="bottom" tscDM:halign="center"><xmpDM:name><rdf:Alt><rdf:li xml:lang="en-US">{\rtf1 You can modify the image properties using the \par Properties display at the bottom of the}</rdf:li></rdf:Alt></xmpDM:name></rdf:Description></rdf:li><rdf:li><rdf:Description xmpDM:duration="2400" xmpDM:startTime="122233" tscDM:valign="bottom" tscDM:halign="center"><xmpDM:name><rdf:Alt><rdf:li xml:lang="en-US">{\rtf1  screen.}</rdf:li></rdf:Alt></xmpDM:name></rdf:Description></rdf:li></rdf:Seq>
                     </xmpDM:markers>
                     <tsc:fgColor xmpG:red="255" xmpG:green="255" xmpG:blue="255"/><tsc:bgColor xmpG:red="0" xmpG:green="0" xmpG:blue="0"/></rdf:Description>
               </rdf:li>
               <rdf:li>
                  <rdf:Description xmpDM:trackType="ScreenText" xmpDM:frameRate="f1000" xmpDM:trackName="Screen Text">
                     <xmpDM:markers>
                        <rdf:Seq>
                           <rdf:li><rdf:Description xmpDM:name="Welcome!" xmpDM:startTime="2800" xmpDM:duration="1000"/></rdf:li><rdf:li><rdf:Description xmpDM:name="In" xmpDM:startTime="2800" xmpDM:duration="1000"/></rdf:li><rdf:li><rdf:Description xmpDM:name="this" xmpDM:startTime="2800" xmpDM:duration="1000"/></rdf:li><rdf:li><rdf:Description xmpDM:name="video," xmpDM:startTime="2800" xmpDM:duration="1000"/></rdf:li><rdf:li><rdf:Description xmpDM:name="you" xmpDM:startTime="2800" xmpDM:duration="1000"/></rdf:li><rdf:li><rdf:Description xmpDM:name="will" xmpDM:startTime="2800" xmpDM:duration="1000"/></rdf:li><rdf:li><rdf:Description xmpDM:name="learn" xmpDM:startTime="2800" xmpDM:duration="1000"/></rdf:li><rdf:li><rdf:Description xmpDM:name="how" xmpDM:startTime="2800" xmpDM:duration="1000"/></rdf:li><rdf:li><rdf:Description xmpDM:name="to" xmpDM:startTime="2800" xmpDM:duration="1000"/></rdf:li><rdf:li><rdf:Description xmpDM:name="add" xmpDM:startTime="2800" xmpDM:duration="1000"/></rdf:li><rdf:li><rdf:Description xmpDM:name="images" xmpDM:startTime="2800" xmpDM:duration="1000"/></rdf:li><rdf:li><rdf:Description xmpDM:name="to" xmpDM:startTime="2800" xmpDM:duration="1000"/></rdf:li><rdf:li><rdf:Description xmpDM:name="your" xmpDM:startTime="2800" xmpDM:duration="1000"/></rdf:li><rdf:li><rdf:Description xmpDM:name="HTML" xmpDM:startTime="2800" xmpDM:duration="1000"/></rdf:li><rdf:li><rdf:Description xmpDM:name="pages" xmpDM:startTime="2800" xmpDM:duration="1000"/></rdf:li><rdf:li><rdf:Description xmpDM:name="&lt;img/&gt;" xmpDM:startTime="16766" xmpDM:duration="1000"/></rdf:li><rdf:li><rdf:Description xmpDM:name="&lt;img" xmpDM:startTime="29233" xmpDM:duration="1000"/></rdf:li><rdf:li><rdf:Description xmpDM:name="src=&quot;cup.png&quot;" xmpDM:startTime="29233" xmpDM:duration="1000"/></rdf:li><rdf:li><rdf:Description xmpDM:name="/&gt;" xmpDM:startTime="29233" xmpDM:duration="1000"/></rdf:li><rdf:li><rdf:Description xmpDM:name="&lt;img" xmpDM:startTime="39134" xmpDM:duration="1000"/></rdf:li><rdf:li><rdf:Description xmpDM:name="src=&quot;media/cup.png&quot;" xmpDM:startTime="39134" xmpDM:duration="1000"/></rdf:li><rdf:li><rdf:Description xmpDM:name="/&gt;" xmpDM:startTime="39134" xmpDM:duration="1000"/></rdf:li><rdf:li><rdf:Description xmpDM:name="&lt;img" xmpDM:startTime="49600" xmpDM:duration="1000"/></rdf:li><rdf:li><rdf:Description xmpDM:name="src=&quot;www.wherever.com/cup.png&quot;" xmpDM:startTime="49600" xmpDM:duration="1000"/></rdf:li><rdf:li><rdf:Description xmpDM:name="/&gt;" xmpDM:startTime="49600" xmpDM:duration="1000"/></rdf:li><rdf:li><rdf:Description xmpDM:name="&lt;img" xmpDM:startTime="85600" xmpDM:duration="1000"/></rdf:li><rdf:li><rdf:Description xmpDM:name="src=&quot;media/cup.png&quot;" xmpDM:startTime="85600" xmpDM:duration="1000"/></rdf:li><rdf:li><rdf:Description xmpDM:name="height=&quot;120px&quot;" xmpDM:startTime="85600" xmpDM:duration="1000"/></rdf:li><rdf:li><rdf:Description xmpDM:name="width=&quot;80px&quot;" xmpDM:startTime="85600" xmpDM:duration="1000"/></rdf:li><rdf:li><rdf:Description xmpDM:name="alt=&quot;Coffee" xmpDM:startTime="85600" xmpDM:duration="1000"/></rdf:li><rdf:li><rdf:Description xmpDM:name="Cup&quot;/&gt;" xmpDM:startTime="85600" xmpDM:duration="1000"/></rdf:li></rdf:Seq>
                     </xmpDM:markers>
                  </rdf:Description>
               </rdf:li>
               <rdf:li>
                  <rdf:Description xmpDM:trackType="TableOfContents" xmpDM:frameRate="f1000" xmpDM:trackName="Table of Contents">
                     <xmpDM:markers>
                        <rdf:Seq>
                           <rdf:li><rdf:Description xmpDM:name="Slide 1" xmpDM:startTime="0" tscDM:image="WD_Video_5_1_Thumbnails.png" tscDM:imageindex="0" tscDM:imageoffset="0" tscDM:imagerect="0, 0, 75, 46"/></rdf:li><rdf:li><rdf:Description xmpDM:name="Welcome!" xmpDM:startTime="2800" tscDM:image="WD_Video_5_1_Thumbnails.png" tscDM:imageindex="1" tscDM:imageoffset="0" tscDM:imagerect="75, 0, 75, 46"/></rdf:li><rdf:li><rdf:Description xmpDM:name="Slide 3" xmpDM:startTime="16733" tscDM:image="WD_Video_5_1_Thumbnails.png" tscDM:imageindex="2" tscDM:imageoffset="0" tscDM:imagerect="150, 0, 75, 46"/></rdf:li><rdf:li><rdf:Description xmpDM:name="Slide 4" xmpDM:startTime="29200" tscDM:image="WD_Video_5_1_Thumbnails.png" tscDM:imageindex="3" tscDM:imageoffset="0" tscDM:imagerect="225, 0, 75, 46"/></rdf:li><rdf:li><rdf:Description xmpDM:name="Slide 5" xmpDM:startTime="39133" tscDM:image="WD_Video_5_1_Thumbnails.png" tscDM:imageindex="4" tscDM:imageoffset="0" tscDM:imagerect="300, 0, 75, 46"/></rdf:li><rdf:li><rdf:Description xmpDM:name="Slide 6" xmpDM:startTime="49567" tscDM:image="WD_Video_5_1_Thumbnails.png" tscDM:imageindex="5" tscDM:imageoffset="0" tscDM:imagerect="375, 0, 75, 46"/></rdf:li><rdf:li><rdf:Description xmpDM:name="Slide 8" xmpDM:startTime="85600" tscDM:image="WD_Video_5_1_Thumbnails.png" tscDM:imageindex="6" tscDM:imageoffset="0" tscDM:imagerect="450, 0, 75, 46"/></rdf:li><rdf:li><rdf:Description xmpDM:name="Slide 9" xmpDM:startTime="98867" tscDM:image="WD_Video_5_1_Thumbnails.png" tscDM:imageindex="7" tscDM:imageoffset="0" tscDM:imagerect="525, 0, 75, 46"/></rdf:li><rdf:li><rdf:Description xmpDM:name="Slide 10" xmpDM:startTime="107267" tscDM:image="WD_Video_5_1_Thumbnails.png" tscDM:imageindex="8" tscDM:imageoffset="0" tscDM:imagerect="600, 0, 75, 46"/></rdf:li><rdf:li><rdf:Description xmpDM:name="Slide 11" xmpDM:startTime="118967" tscDM:image="WD_Video_5_1_Thumbnails.png" tscDM:imageindex="9" tscDM:imageoffset="0" tscDM:imagerect="675, 0, 75, 46"/></rdf:li></rdf:Seq>
                     </xmpDM:markers>
                  </rdf:Description>
               </rdf:li>
            </rdf:Bag>
         </xmpDM:Tracks>
         <tscDM:controller>
            <rdf:Description xmpDM:name="tscplayer">
               <tscDM:parameters>
                  <rdf:Bag>
                     <rdf:li xmpDM:name="autohide" xmpDM:value="true"/><rdf:li xmpDM:name="autoplay" xmpDM:value="false"/><rdf:li xmpDM:name="loop" xmpDM:value="false"/><rdf:li xmpDM:name="searchable" xmpDM:value="true"/><rdf:li xmpDM:name="captionsenabled" xmpDM:value="false"/><rdf:li xmpDM:name="sidebarenabled" xmpDM:value="false"/><rdf:li xmpDM:name="unicodeenabled" xmpDM:value="false"/><rdf:li xmpDM:name="backgroundcolor" xmpDM:value="000000"/><rdf:li xmpDM:name="sidebarlocation" xmpDM:value="left"/><rdf:li xmpDM:name="endaction" xmpDM:value="stop"/><rdf:li xmpDM:name="endactionparam" xmpDM:value="true"/></rdf:Bag>
               </tscDM:parameters>
               <tscDM:controllerText>
                  <rdf:Bag>
                     <rdf:li><rdf:Description xmp:label="searchText"><tscDM:localizedText><rdf:Alt><rdf:li xml:lang="en-US">Search</rdf:li></rdf:Alt></tscDM:localizedText></rdf:Description></rdf:li><rdf:li><rdf:Description xmp:label="resultText"><tscDM:localizedText><rdf:Alt><rdf:li xml:lang="en-US">Results Found</rdf:li></rdf:Alt></tscDM:localizedText></rdf:Description></rdf:li><rdf:li><rdf:Description xmp:label="searchFullscreenText"><tscDM:localizedText><rdf:Alt><rdf:li xml:lang="en-US">Search disabled in full screen mode</rdf:li></rdf:Alt></tscDM:localizedText></rdf:Description></rdf:li><rdf:li><rdf:Description xmp:label="replayButtonText"><tscDM:localizedText><rdf:Alt><rdf:li xml:lang="en-US">Replay</rdf:li></rdf:Alt></tscDM:localizedText></rdf:Description></rdf:li><rdf:li><rdf:Description xmp:label="localSecurityError"><tscDM:localizedText><rdf:Alt><rdf:li xml:lang="en-US">Certain features in your video are currently disabled due to Local Network Security. These features work correctly when the video is played from a Website or Server.</rdf:li></rdf:Alt></tscDM:localizedText></rdf:Description></rdf:li></rdf:Bag>
               </tscDM:controllerText>
            </rdf:Description>
         </tscDM:controller>
         <tscDM:contentList>
            <rdf:Description>
               <tscDM:files>
                  <rdf:Seq>
                     <rdf:li xmpDM:name="0" xmpDM:value="WD_Video_5_1.mp4"/><rdf:li xmpDM:name="1" xmpDM:value="WD_Video_5_1_First_Frame.png"/><rdf:li xmpDM:name="2" xmpDM:value="WD_Video_5_1_Thumbnails.png"/></rdf:Seq>
               </tscDM:files>
            </rdf:Description>
         </tscDM:contentList>
      </rdf:Description>
   </rdf:RDF>
</x:xmpmeta>