<x:xmpmeta xmlns:x="adobe:ns:meta/">
   <rdf:RDF xmlns:rdf="http://www.w3.org/1999/02/22-rdf-syntax-ns#" xmlns:xmp="http://ns.adobe.com/xap/1.0/" xmlns:xmpDM="http://ns.adobe.com/xmp/1.0/DynamicMedia/" xmlns:xmpG="http://ns.adobe.com/xap/1.0/g/" xmlns:tsc="http://www.techsmith.com/xmp/tsc/" xmlns:xmpMM="http://ns.adobe.com/xap/1.0/mm/" xmlns:tscDM="http://www.techsmith.com/xmp/tscDM/" xmlns:tscIQ="http://www.techsmith.com/xmp/tscIQ/" xmlns:tscHS="http://www.techsmith.com/xmp/tscHS/" xmlns:stDim="http://ns.adobe.com/xap/1.0/sType/Dimensions#" xmlns:stFnt="http://ns.adobe.com/xap/1.0/sType/Font#" xmlns:exif="http://ns.adobe.com/exif/1.0" xmlns:dc="http://purl.org/dc/elements/1.1/">
      <rdf:Description tsc:version="2.0.0" dc:date="2013-03-20 05:34:00 AM" dc:source="Camtasia Studio,8.0.0,enu" dc:title="WD_Video_7_1" tscDM:firstFrame="WD_Video_7_1_First_Frame.png" tscDM:originId="D3D1D603-2E98-4FEB-B501-27921485C818" tscDM:project="WD_Video_7_1">
         <xmpDM:duration xmpDM:scale="1/1000" xmpDM:value="99966"/>
         <xmpDM:videoFrameSize stDim:unit="pixel" stDim:h="480" stDim:w="768"/>
         <tsc:langName>
            <rdf:Bag>
               <rdf:li xml:lang="en-US">English</rdf:li></rdf:Bag>
         </tsc:langName>
         <xmpDM:Tracks>
            <rdf:Bag>
               <rdf:li>
                  <rdf:Description xmpDM:trackType="Caption" xmpDM:frameRate="f1000" xmpDM:trackName="Captioning" stFnt:fontFamily="Arial" tscDM:fontSize="24" tscDM:bgOpacity="0.500000">
                     <xmpDM:markers>
                        <rdf:Seq>
                           <rdf:li><rdf:Description xmpDM:duration="4867" xmpDM:startTime="3433" tscDM:valign="bottom" tscDM:halign="center"><xmpDM:name><rdf:Alt><rdf:li xml:lang="en-US">{\rtf1 Hello everyone and welcome to Chapter 7! My \par name is Dr. Theodor Richardson and I will}</rdf:li></rdf:Alt></xmpDM:name></rdf:Description></rdf:li><rdf:li><rdf:Description xmpDM:duration="4900" xmpDM:startTime="8300" tscDM:valign="bottom" tscDM:halign="center"><xmpDM:name><rdf:Alt><rdf:li xml:lang="en-US">{\rtf1  be guiding you through some vital steps in \par creating a multimedia Web site. In this}</rdf:li></rdf:Alt></xmpDM:name></rdf:Description></rdf:li><rdf:li><rdf:Description xmpDM:duration="4900" xmpDM:startTime="13200" tscDM:valign="bottom" tscDM:halign="center"><xmpDM:name><rdf:Alt><rdf:li xml:lang="en-US">{\rtf1  video, you will learn how to add PHP code to \par your page.}</rdf:li></rdf:Alt></xmpDM:name></rdf:Description></rdf:li><rdf:li><rdf:Description xmpDM:duration="4767" xmpDM:startTime="18100" tscDM:valign="bottom" tscDM:halign="center"><xmpDM:name><rdf:Alt><rdf:li xml:lang="en-US">{\rtf1 PHP is a server-side language.  This means it \par executes on the server prior to the viewer}</rdf:li></rdf:Alt></xmpDM:name></rdf:Description></rdf:li><rdf:li><rdf:Description xmpDM:duration="4767" xmpDM:startTime="22867" tscDM:valign="bottom" tscDM:halign="center"><xmpDM:name><rdf:Alt><rdf:li xml:lang="en-US">{\rtf1  seeing the page.  This effectively hides the \par source code from the viewer.  PHP must}</rdf:li></rdf:Alt></xmpDM:name></rdf:Description></rdf:li><rdf:li><rdf:Description xmpDM:duration="4800" xmpDM:startTime="27633" tscDM:valign="bottom" tscDM:halign="center"><xmpDM:name><rdf:Alt><rdf:li xml:lang="en-US">{\rtf1  be configured on the server for it to be used.  \par Once it is configured on the server, it}</rdf:li></rdf:Alt></xmpDM:name></rdf:Description></rdf:li><rdf:li><rdf:Description xmpDM:duration="4767" xmpDM:startTime="32433" tscDM:valign="bottom" tscDM:halign="center"><xmpDM:name><rdf:Alt><rdf:li xml:lang="en-US">{\rtf1  can be added to any page.  The page must be \par saved with a .php extension for the server to}</rdf:li></rdf:Alt></xmpDM:name></rdf:Description></rdf:li><rdf:li><rdf:Description xmpDM:duration="4800" xmpDM:startTime="37200" tscDM:valign="bottom" tscDM:halign="center"><xmpDM:name><rdf:Alt><rdf:li xml:lang="en-US">{\rtf1  recognize the code and process it.}</rdf:li></rdf:Alt></xmpDM:name></rdf:Description></rdf:li><rdf:li><rdf:Description xmpDM:duration="4833" xmpDM:startTime="42000" tscDM:valign="bottom" tscDM:halign="center"><xmpDM:name><rdf:Alt><rdf:li xml:lang="en-US">{\rtf1 PHP code can be added anywhere within an \par HTML page.  Any code that prints a result \par should be}</rdf:li></rdf:Alt></xmpDM:name></rdf:Description></rdf:li><rdf:li><rdf:Description xmpDM:duration="4867" xmpDM:startTime="46833" tscDM:valign="bottom" tscDM:halign="center"><xmpDM:name><rdf:Alt><rdf:li xml:lang="en-US">{\rtf1  placed only in the body of the page. The code \par that will be processed as PHP must be}</rdf:li></rdf:Alt></xmpDM:name></rdf:Description></rdf:li><rdf:li><rdf:Description xmpDM:duration="4867" xmpDM:startTime="51700" tscDM:valign="bottom" tscDM:halign="center"><xmpDM:name><rdf:Alt><rdf:li xml:lang="en-US">{\rtf1  wrapped in a PHP tag set: &lt;?php and ?&gt;.  \par Anything inside of this will be processed as \par PHP}</rdf:li></rdf:Alt></xmpDM:name></rdf:Description></rdf:li><rdf:li><rdf:Description xmpDM:duration="4867" xmpDM:startTime="56567" tscDM:valign="bottom" tscDM:halign="center"><xmpDM:name><rdf:Alt><rdf:li xml:lang="en-US">{\rtf1  code.}</rdf:li></rdf:Alt></xmpDM:name></rdf:Description></rdf:li><rdf:li><rdf:Description xmpDM:duration="4067" xmpDM:startTime="61433" tscDM:valign="bottom" tscDM:halign="center"><xmpDM:name><rdf:Alt><rdf:li xml:lang="en-US">{\rtf1 The command echo is used to print results to \par the browser.  The example here prints “Hello, }</rdf:li></rdf:Alt></xmpDM:name></rdf:Description></rdf:li><rdf:li><rdf:Description xmpDM:duration="6733" xmpDM:startTime="65500" tscDM:valign="bottom" tscDM:halign="center"><xmpDM:name><rdf:Alt><rdf:li xml:lang="en-US">{\rtf1 PHP!” along with the end of line character for \par PHP, denoted with the constant PHP_EOL.  All}</rdf:li></rdf:Alt></xmpDM:name></rdf:Description></rdf:li><rdf:li><rdf:Description xmpDM:duration="6567" xmpDM:startTime="72233" tscDM:valign="bottom" tscDM:halign="center"><xmpDM:name><rdf:Alt><rdf:li xml:lang="en-US">{\rtf1  lines of code within PHP must end with a \par semicolon.}</rdf:li></rdf:Alt></xmpDM:name></rdf:Description></rdf:li><rdf:li><rdf:Description xmpDM:duration="6400" xmpDM:startTime="78800" tscDM:valign="bottom" tscDM:halign="center"><xmpDM:name><rdf:Alt><rdf:li xml:lang="en-US">{\rtf1 Variables in PHP can be declared with a dollar \par sign ($) regardless of the content they }</rdf:li></rdf:Alt></xmpDM:name></rdf:Description></rdf:li><rdf:li><rdf:Description xmpDM:duration="4933" xmpDM:startTime="85200" tscDM:valign="bottom" tscDM:halign="center"><xmpDM:name><rdf:Alt><rdf:li xml:lang="en-US">{\rtf1 will contain.  In the example shown, the \par variable contains the message that was \par printed by}</rdf:li></rdf:Alt></xmpDM:name></rdf:Description></rdf:li><rdf:li><rdf:Description xmpDM:duration="5100" xmpDM:startTime="90133" tscDM:valign="bottom" tscDM:halign="center"><xmpDM:name><rdf:Alt><rdf:li xml:lang="en-US">{\rtf1  echo in the previous example.  The variable \par can be called by using its name.  The result of }</rdf:li></rdf:Alt></xmpDM:name></rdf:Description></rdf:li><rdf:li><rdf:Description xmpDM:duration="4733" xmpDM:startTime="95233" tscDM:valign="bottom" tscDM:halign="center"><xmpDM:name><rdf:Alt><rdf:li xml:lang="en-US">{\rtf1 this example is the same as the previous \par example that used only the echo command.}</rdf:li></rdf:Alt></xmpDM:name></rdf:Description></rdf:li></rdf:Seq>
                     </xmpDM:markers>
                     <tsc:fgColor xmpG:red="255" xmpG:green="255" xmpG:blue="255"/><tsc:bgColor xmpG:red="0" xmpG:green="0" xmpG:blue="0"/></rdf:Description>
               </rdf:li>
               <rdf:li>
                  <rdf:Description xmpDM:trackType="ScreenText" xmpDM:frameRate="f1000" xmpDM:trackName="Screen Text">
                     <xmpDM:markers>
                        <rdf:Seq>
                           <rdf:li><rdf:Description xmpDM:name="Welcome!" xmpDM:startTime="3433" xmpDM:duration="1000"/></rdf:li><rdf:li><rdf:Description xmpDM:name="In" xmpDM:startTime="3433" xmpDM:duration="1000"/></rdf:li><rdf:li><rdf:Description xmpDM:name="this" xmpDM:startTime="3433" xmpDM:duration="1000"/></rdf:li><rdf:li><rdf:Description xmpDM:name="video," xmpDM:startTime="3433" xmpDM:duration="1000"/></rdf:li><rdf:li><rdf:Description xmpDM:name="you" xmpDM:startTime="3433" xmpDM:duration="1000"/></rdf:li><rdf:li><rdf:Description xmpDM:name="will" xmpDM:startTime="3433" xmpDM:duration="1000"/></rdf:li><rdf:li><rdf:Description xmpDM:name="learn" xmpDM:startTime="3433" xmpDM:duration="1000"/></rdf:li><rdf:li><rdf:Description xmpDM:name="the" xmpDM:startTime="3433" xmpDM:duration="1000"/></rdf:li><rdf:li><rdf:Description xmpDM:name="basics" xmpDM:startTime="3433" xmpDM:duration="1000"/></rdf:li><rdf:li><rdf:Description xmpDM:name="of" xmpDM:startTime="3433" xmpDM:duration="1000"/></rdf:li><rdf:li><rdf:Description xmpDM:name="PHP" xmpDM:startTime="3433" xmpDM:duration="1000"/></rdf:li><rdf:li><rdf:Description xmpDM:name="&lt;?php" xmpDM:startTime="42000" xmpDM:duration="1000"/></rdf:li><rdf:li><rdf:Description xmpDM:name="?&gt;" xmpDM:startTime="42000" xmpDM:duration="1000"/></rdf:li><rdf:li><rdf:Description xmpDM:name="&lt;?php" xmpDM:startTime="61433" xmpDM:duration="1000"/></rdf:li><rdf:li><rdf:Description xmpDM:name="echo" xmpDM:startTime="61433" xmpDM:duration="1000"/></rdf:li><rdf:li><rdf:Description xmpDM:name="&quot;Hello," xmpDM:startTime="61433" xmpDM:duration="1000"/></rdf:li><rdf:li><rdf:Description xmpDM:name="PHP!&quot;" xmpDM:startTime="61433" xmpDM:duration="1000"/></rdf:li><rdf:li><rdf:Description xmpDM:name="." xmpDM:startTime="61433" xmpDM:duration="1000"/></rdf:li><rdf:li><rdf:Description xmpDM:name="PHP_EOL;" xmpDM:startTime="61433" xmpDM:duration="1000"/></rdf:li><rdf:li><rdf:Description xmpDM:name="?&gt;" xmpDM:startTime="61433" xmpDM:duration="1000"/></rdf:li><rdf:li><rdf:Description xmpDM:name="&lt;?php" xmpDM:startTime="78500" xmpDM:duration="1000"/></rdf:li><rdf:li><rdf:Description xmpDM:name="$mytext" xmpDM:startTime="78500" xmpDM:duration="1000"/></rdf:li><rdf:li><rdf:Description xmpDM:name="=" xmpDM:startTime="78500" xmpDM:duration="1000"/></rdf:li><rdf:li><rdf:Description xmpDM:name="&quot;Hello," xmpDM:startTime="78500" xmpDM:duration="1000"/></rdf:li><rdf:li><rdf:Description xmpDM:name="PHP!&quot;" xmpDM:startTime="78500" xmpDM:duration="1000"/></rdf:li><rdf:li><rdf:Description xmpDM:name="." xmpDM:startTime="78500" xmpDM:duration="1000"/></rdf:li><rdf:li><rdf:Description xmpDM:name="PHP_EOL;" xmpDM:startTime="78500" xmpDM:duration="1000"/></rdf:li><rdf:li><rdf:Description xmpDM:name="echo" xmpDM:startTime="78500" xmpDM:duration="1000"/></rdf:li><rdf:li><rdf:Description xmpDM:name="$mytext;" xmpDM:startTime="78500" xmpDM:duration="1000"/></rdf:li><rdf:li><rdf:Description xmpDM:name="?&gt;" xmpDM:startTime="78500" xmpDM:duration="1000"/></rdf:li></rdf:Seq>
                     </xmpDM:markers>
                  </rdf:Description>
               </rdf:li>
               <rdf:li>
                  <rdf:Description xmpDM:trackType="TableOfContents" xmpDM:frameRate="f1000" xmpDM:trackName="Table of Contents">
                     <xmpDM:markers>
                        <rdf:Seq>
                           <rdf:li><rdf:Description xmpDM:name="Slide 1" xmpDM:startTime="0" tscDM:image="WD_Video_7_1_Thumbnails.png" tscDM:imageindex="0" tscDM:imageoffset="0" tscDM:imagerect="0, 0, 75, 46"/></rdf:li><rdf:li><rdf:Description xmpDM:name="Welcome!" xmpDM:startTime="3400" tscDM:image="WD_Video_7_1_Thumbnails.png" tscDM:imageindex="1" tscDM:imageoffset="0" tscDM:imagerect="75, 0, 75, 46"/></rdf:li><rdf:li><rdf:Description xmpDM:name="Slide 3" xmpDM:startTime="18100" tscDM:image="WD_Video_7_1_Thumbnails.png" tscDM:imageindex="2" tscDM:imageoffset="0" tscDM:imagerect="150, 0, 75, 46"/></rdf:li><rdf:li><rdf:Description xmpDM:name="Slide 4" xmpDM:startTime="42000" tscDM:image="WD_Video_7_1_Thumbnails.png" tscDM:imageindex="3" tscDM:imageoffset="0" tscDM:imagerect="225, 0, 75, 46"/></rdf:li><rdf:li><rdf:Description xmpDM:name="Slide 5" xmpDM:startTime="61400" tscDM:image="WD_Video_7_1_Thumbnails.png" tscDM:imageindex="4" tscDM:imageoffset="0" tscDM:imagerect="300, 0, 75, 46"/></rdf:li><rdf:li><rdf:Description xmpDM:name="Slide 6" xmpDM:startTime="78500" tscDM:image="WD_Video_7_1_Thumbnails.png" tscDM:imageindex="5" tscDM:imageoffset="0" tscDM:imagerect="375, 0, 75, 46"/></rdf:li></rdf:Seq>
                     </xmpDM:markers>
                  </rdf:Description>
               </rdf:li>
            </rdf:Bag>
         </xmpDM:Tracks>
         <tscDM:controller>
            <rdf:Description xmpDM:name="tscplayer">
               <tscDM:parameters>
                  <rdf:Bag>
                     <rdf:li xmpDM:name="autohide" xmpDM:value="true"/><rdf:li xmpDM:name="autoplay" xmpDM:value="false"/><rdf:li xmpDM:name="loop" xmpDM:value="false"/><rdf:li xmpDM:name="searchable" xmpDM:value="true"/><rdf:li xmpDM:name="captionsenabled" xmpDM:value="false"/><rdf:li xmpDM:name="sidebarenabled" xmpDM:value="false"/><rdf:li xmpDM:name="unicodeenabled" xmpDM:value="false"/><rdf:li xmpDM:name="backgroundcolor" xmpDM:value="000000"/><rdf:li xmpDM:name="sidebarlocation" xmpDM:value="left"/><rdf:li xmpDM:name="endaction" xmpDM:value="stop"/><rdf:li xmpDM:name="endactionparam" xmpDM:value="true"/></rdf:Bag>
               </tscDM:parameters>
               <tscDM:controllerText>
                  <rdf:Bag>
                     <rdf:li><rdf:Description xmp:label="searchText"><tscDM:localizedText><rdf:Alt><rdf:li xml:lang="en-US">Search</rdf:li></rdf:Alt></tscDM:localizedText></rdf:Description></rdf:li><rdf:li><rdf:Description xmp:label="resultText"><tscDM:localizedText><rdf:Alt><rdf:li xml:lang="en-US">Results Found</rdf:li></rdf:Alt></tscDM:localizedText></rdf:Description></rdf:li><rdf:li><rdf:Description xmp:label="searchFullscreenText"><tscDM:localizedText><rdf:Alt><rdf:li xml:lang="en-US">Search disabled in full screen mode</rdf:li></rdf:Alt></tscDM:localizedText></rdf:Description></rdf:li><rdf:li><rdf:Description xmp:label="replayButtonText"><tscDM:localizedText><rdf:Alt><rdf:li xml:lang="en-US">Replay</rdf:li></rdf:Alt></tscDM:localizedText></rdf:Description></rdf:li><rdf:li><rdf:Description xmp:label="localSecurityError"><tscDM:localizedText><rdf:Alt><rdf:li xml:lang="en-US">Certain features in your video are currently disabled due to Local Network Security. These features work correctly when the video is played from a Website or Server.</rdf:li></rdf:Alt></tscDM:localizedText></rdf:Description></rdf:li></rdf:Bag>
               </tscDM:controllerText>
            </rdf:Description>
         </tscDM:controller>
         <tscDM:contentList>
            <rdf:Description>
               <tscDM:files>
                  <rdf:Seq>
                     <rdf:li xmpDM:name="0" xmpDM:value="WD_Video_7_1.mp4"/><rdf:li xmpDM:name="1" xmpDM:value="WD_Video_7_1_First_Frame.png"/><rdf:li xmpDM:name="2" xmpDM:value="WD_Video_7_1_Thumbnails.png"/></rdf:Seq>
               </tscDM:files>
            </rdf:Description>
         </tscDM:contentList>
      </rdf:Description>
   </rdf:RDF>
</x:xmpmeta>